,Month DD Raised,No. of FTE Request Raised,SkillList,Location,Experience Grade,Practice,Skill Group,Demand Source
0,May,4,Salesforce (Functional),Bangalore,A4,BANK,(F) IT Operations,Account
1,October,2,"Amazon Web services - Build , Administration and integration",Bhubaneswar,B2,M&FT,(F) IT Operations,Account
2,March,2,"Amazon Web services - Build , Administration and integration",Pune,A3,TEST,,Support
3,October,1,Test Automation,Bhubaneswar,B2,M&FT,(F) IT Operations,Account
4,June,2,PMO (Account),Noida,A5,I&D,(D) Banking Sector,Proactive
5,August,4,Salesforce (Functional),Gurgaon,B1,GP,(T) Data Governance / Master Data Management (MDM),Account
6,June,1,"Testing Manual,Banking,Test Automation",Noida,A5,I&D,,Support
7,August,4,"Amazon Web services - Build , Administration and integration",Gurgaon,B1,INS,,Proactive
8,March,3,Angular.js,Pune,A3,TEST,(F) IT Operations,Support
9,March,2,Angular.js,Pune,A3,TEST,(F) IT Operations,Proactive
10,June,2,POSTGRESQL,Noida,A5,ADM,,Support
11,February,4,Informatica MDM (formerly Syperian),Hyderabad,A2,CFS,(T) Card packages,Account
12,October,2,Informatica MDM (formerly Syperian),Bhubaneswar,B2,M&FT,(T) Office / Desktop Solutions,Proactive
13,June,1,Informatica MDM (formerly Syperian),Noida,A5,I&D,(F) Business Management / Management / Executive Management,Support
14,January,2,Angular.js,Chennai,A1,DCX,(T) Enterprise Content Management (ECM),Proactive
15,August,3,Angular.js,Gurgaon,B1,INS,(D) Banking Sector,Proactive
16,March,3,Java,Pune,A3,TEST,(T) Enterprise Content Management (ECM),Support
17,August,1,Java,Gurgaon,B1,GP,(T) Mainframe Development Technologies,Proactive
18,January,1,Java,Chennai,A1,DCX,(T) Card packages,Account
19,March,3,Test Environment Management,Pune,A3,TEST,(T) Operating systems and Virtualization Technologies,Account
20,June,2,Test Environment Management,Noida,A5,ADM,(T) Enterprise Content Management (ECM),Support
21,December,4,Selenium,Hartford,C1,ERP,(T) Mainframe Development Technologies,Support
22,June,3,Selenium,Noida,A5,I&D,,Account
23,May,3,Quick Test Pro,Bangalore,A4,BANK,"(T) Project Tools, Methodologies and Frameworks",Support
24,December,2,Selenium,Hartford,C1,ERP,(T) Client Server Development Technologies,Support
25,February,1,Selenium,Hyderabad,A2,CFS,(F) IT Operations,Account
26,February,1,CRM - Salesforce.com,Hyderabad,A2,CFS,(T) Card packages,Proactive
27,August,4,PMO (Project),Gurgaon,B1,GP,(T) Card packages,Support
28,March,1,MS/Windows Dev OPS,Pune,A3,TEST,(T) Enterprise Content Management (ECM),Account
29,March,4,MS/Windows Dev OPS,Pune,A3,TEST,(D) Banking Sector,Account
30,January,1,MS/Windows Dev OPS,Chennai,A1,DCX,(T) Monitoring Technologies,Account
31,March,1,MS/Windows Dev OPS,Pune,A3,TEST,(F) IT Operations,Account
32,December,1,MS/Windows Dev OPS,Hartford,C1,ERP,(F) IT Operations,Account
33,August,4,MS/Windows Dev OPS,Gurgaon,B1,INS,(T) Card packages,Account
34,October,4,MS/Windows Dev OPS,Bhubaneswar,B2,M&FT,(T) Messaging systems,Account
35,February,3,MS/Windows Dev OPS,Hyderabad,A2,CFS,(T) Guidewire,Proactive
36,March,3,MS/Windows Dev OPS,Pune,A3,TEST,,Proactive
37,May,2,MS/Windows Dev OPS,Bangalore,A4,BANK,,Account
38,December,3,MS/Windows Dev OPS,Hartford,C1,ERP,(T) Card packages,Proactive
39,December,4,MS/Windows Dev OPS,Hartford,C1,ERP,(T) Mainframe Development Technologies,Proactive
40,March,3,MS/Windows Dev OPS,Pune,A3,TEST,(D) Banking Sector,Account
41,October,4,MS/Windows Dev OPS,Bhubaneswar,B2,Cards,(T) Card packages,Account
42,February,1,MS/Windows Dev OPS,Hyderabad,A2,CFS,(T) Operating systems and Virtualization Technologies,Support
43,December,2,MS/Windows Dev OPS,Hartford,C1,ERP,(T) Card packages,Support
44,August,1,MS/Windows Dev OPS,Gurgaon,B1,GP,(D) Banking Sector,Proactive
45,June,3,MS/Windows Dev OPS,Noida,A5,I&D,(D) Cards,Account
46,March,2,MS/Windows Dev OPS,Pune,A3,TEST,(D) Financial Services,Proactive
47,August,4,MS/Windows Dev OPS,Gurgaon,B1,GP,(D) Banking Sector,Proactive
48,May,2,MS/Windows Dev OPS,Bangalore,A4,BANK,"(T) Project Tools, Methodologies and Frameworks",Support
49,March,3,MS/Windows Dev OPS,Pune,A3,TEST,(T) Enterprise Content Management (ECM),Support
50,February,1,MS/Windows Dev OPS,Hyderabad,A2,CFS,(T) Card packages,Account
51,October,4,Selenium,Bhubaneswar,B2,M&FT,(T) Mainframe Development Technologies,Account
52,March,3,Selenium,Pune,A3,TEST,(T) Mainframe Development Technologies,Account
53,August,3,Selenium,Gurgaon,B1,GP,(T) Mainframe Development Technologies,Account
54,May,2,Selenium,Bangalore,A4,BANK,(D) Cards,Account
55,October,1,Selenium,Bhubaneswar,B2,Cards,(T) Card packages,Account
56,June,1,Selenium,Noida,A5,ADM,(D) Cards,Account
57,March,4,MS/Windows Dev OPS,Pune,A3,TEST,(F) Sales / CRM / Marketing / Offer/ Client Management / Customer Experience,Support
58,August,4,MS/Windows Dev OPS,Gurgaon,B1,GP,(D) Banking Sector,Account
59,August,3,MS/Windows Dev OPS,Gurgaon,B1,INS,,Account
60,October,3,Angular.js,Bhubaneswar,B2,M&FT,(F) Sales / CRM / Marketing / Offer/ Client Management / Customer Experience,Account
61,June,4,Angular.js,Noida,A5,I&D,,Account
62,June,1,Angular.js,Noida,A5,I&D,(D) Cards,Account
63,August,1,Angular.js,Gurgaon,B1,INS,(T) Java Development Technologies,Account
64,June,4,Angular.js,Noida,A5,ADM,(T) Microsoft Development Technologies,Account
65,October,3,Angular.js,Bhubaneswar,B2,Cards,(T) Mainframe Development Technologies,Account
66,October,4,Angular.js,Bhubaneswar,B2,Cards,,Account
67,August,3,Angular.js,Gurgaon,B1,GP,(T) Card packages,Account
68,March,1,Angular.js,Pune,A3,TEST,(D) Banking Sector,Proactive
69,May,2,CRM - Salesforce.com,Bangalore,A4,BANK,(T) Mainframe Development Technologies,Proactive
70,December,4,Informatica MDM (formerly Syperian),Hartford,C1,ERP,(T) Client Server Development Technologies,Proactive
71,October,3,Informatica MDM (formerly Syperian),Bhubaneswar,B2,Cards,(T) Card packages,Support
72,August,2,Informatica MDM (formerly Syperian),Gurgaon,B1,INS,(T) Enterprise Content Management (ECM),Proactive
73,March,2,Informatica MDM (formerly Syperian),Pune,A3,TEST,(T) Java Development Technologies,Proactive
74,June,2,Informatica PowerCenter ETL,Noida,A5,ADM,(D) Banking Sector,Proactive
75,October,4,CRM - Salesforce.com,Bhubaneswar,B2,Cards,(D) Insurance Sector,Proactive
76,August,4,MS/Windows Dev OPS,Gurgaon,B1,INS,(F) IT Operations,Proactive
77,October,1,CRM - Salesforce.com,Bhubaneswar,B2,Cards,(T) Java Development Technologies,Proactive
78,February,1,Informatica PowerCenter ETL,Hyderabad,A2,CFS,"(T) Project Tools, Methodologies and Frameworks",Account
79,May,1,Salesforce (Technical),Bangalore,A4,BANK,(D) Cards,Account
80,October,4,Java,Bhubaneswar,B2,Cards,(T) Mainframe Development Technologies,Account
81,August,4,Splunk,Gurgaon,B1,GP,(T) Mainframe Development Technologies,Account
82,October,1,Splunk,Bhubaneswar,B2,M&FT,(T) Card packages,Proactive
83,February,1,SQL,Hyderabad,A2,CFS,(T) Card packages,Account
84,August,2,"Informatica PowerCenter ETL,IBM Datastage",Gurgaon,B1,INS,(T) Enterprise Content Management (ECM),Support
85,March,2,Talend,Pune,A3,TEST,(T) Mainframe Development Technologies,Account
86,February,4,Talend,Hyderabad,A2,CFS,(T) Other Oracle ERP,Account
87,March,4,BLUE PRISM,Pune,A3,TEST,(F) HRO (HR Operations - Business Services),Proactive
88,June,1,Test Data Generation,Noida,A5,ADM,(T) Card packages,Account
89,June,3,"Selenium,Guidewire,Insurance,SOAP UI PRO",Noida,A5,I&D,(T) Enterprise Content Management (ECM),Proactive
90,August,4,"Selenium,Guidewire,SOAP UI PRO,Insurance",Gurgaon,B1,GP,(T) Mainframe Development Technologies,Proactive
91,June,1,Quality Assurance,Noida,A5,ADM,(T) Card packages,Support
92,June,4,"Guidewire ClaimCenter,Testing Manual",Noida,A5,ADM,(T) Card packages,Support
93,August,3,LISA,Gurgaon,B1,INS,(D) Banking Sector,Account
94,June,4,Test Environment Management,Noida,A5,I&D,,Proactive
95,March,2,Test Automation,Pune,A3,TEST,(T) Mainframe Development Technologies,Support
96,October,2,Testing Manual,Bhubaneswar,B2,Cards,(D) Banking Sector,Account
97,May,2,Test Automation,Bangalore,A4,BANK,(T) Java Development Technologies,Support
98,June,4,Keynote DeviceAnywhere,Noida,A5,ADM,(F) Business Management / Management / Executive Management,Account
99,June,4,Keynote DeviceAnywhere,Noida,A5,ADM,(T) Guidewire,Proactive
100,December,2,Test Automation,Hartford,C1,ERP,(F) IT Operations,Proactive
101,May,3,Test Environment Management,Bangalore,A4,BANK,,Proactive
102,March,3,Testing Manual,Pune,A3,TEST,(T) Reporting/Business Intelligence,Support
103,March,3,PMO (Project),Pune,A3,TEST,(T) Enterprise Content Management (ECM),Account
104,June,4,PMO (Project),Noida,A5,ADM,(T) Enterprise Content Management (ECM),Proactive
105,December,2,PMO (Project),Hartford,C1,ERP,(T) Card packages,Proactive
106,October,3,PMO (Project),Bhubaneswar,B2,Cards,(D) Banking Sector,Proactive
107,December,4,PMO (Project),Hartford,C1,ERP,(D) Capital Markets Sector,Support
108,March,2,PMO (Project),Pune,A3,TEST,(F) IT Operations,Account
109,February,2,"API Integrations- REST, SOAP , Powershell,Fatwire",Hyderabad,A2,CFS,,Proactive
110,February,3,.Net with MVC,Hyderabad,A2,CFS,(T) Testing Tools / Testing Automation / Performance Testing Tools,Proactive
111,March,4,.Net with MVC,Pune,A3,TEST,(D) Banking Sector,Support
112,October,1,"Mainframe Development Environment,COBOL 85",Bhubaneswar,B2,Cards,(T) Relational Databases,Account
113,February,3,Mainframe Database - DB2 (z/OS),Hyderabad,A2,CFS,(D) Insurance Sector,Account
114,May,2,"Mainframe Database - DB2 (z/OS),COBOL 85",Bangalore,A4,BANK,(T) Mainframe Development Technologies,Account
115,March,1,Guidewire PolicyCenter,Pune,A3,TEST,,Support
116,October,1,Guidewire PolicyCenter,Bhubaneswar,B2,M&FT,(F) IT Operations,Support
117,August,3,"(T) Guidewire,(Architecture) - Architecture, Solution Designing, Farm Structure/Topology",Gurgaon,B1,GP,(T) Card packages,Account
118,June,2,"Insurance,Guidewire",Noida,A5,I&D,(T) Enterprise Content Management (ECM),Account
119,March,4,(T) Testing Tools / Testing Automation / Performance Testing Tools,Pune,A3,TEST,(T) Microsoft Development Technologies,Account
120,March,4,Selenium,Pune,A3,TEST,(D) Capital Markets Sector,Account
121,March,2,Selenium,Pune,A3,TEST,,Proactive
122,October,3,ETL Testing,Bhubaneswar,B2,M&FT,(F) IT Operations,Proactive
123,October,1,ETL Testing,Bhubaneswar,B2,M&FT,(T) Enterprise Content Management (ECM),Account
124,June,4,ETL Testing,Noida,A5,I&D,(T) Monitoring Technologies,Proactive
125,June,1,ETL Testing,Noida,A5,I&D,(T) Reporting/Business Intelligence,Proactive
126,October,1,Functional Testing,Bhubaneswar,B2,Cards,(T) Relational Databases,Proactive
127,March,1,(T) Testing Tools / Testing Automation / Performance Testing Tools,Pune,A3,TEST,(T) Enterprise Content Management (ECM),Proactive
128,June,2,Selenium,Noida,A5,I&D,(D) Cards,Account
129,March,4,Performance Testing,Pune,A3,TEST,(T) Mainframe Development Technologies,Support
130,August,2,Cognos,Gurgaon,B1,INS,(D) Banking Sector,Account
131,June,3,"Guidewire,ETL Testing,Insurance",Noida,A5,ADM,(D) Banking Sector,Proactive
132,March,4,"iText,Amazon Web services - Build , Administration and integration",Pune,A3,TEST,(D) Banking Sector,Proactive
133,March,4,"iText,Amazon Web services - Build , Administration and integration",Pune,A3,TEST,(T) Client Server Development Technologies,Proactive
134,June,2,"iText,Amazon Web services - Build , Administration and integration",Noida,A5,ADM,(F) IT Operations,Proactive
135,August,3,"iText,Amazon Web services - Build , Administration and integration",Gurgaon,B1,INS,(D) Banking Sector,Account
136,June,1,"iText,Amazon Web services - Build , Administration and integration",Noida,A5,I&D,(T) Enterprise Content Management (ECM),Account
137,March,2,"Thunderhead, Java",Pune,A3,TEST,(F) Business Management / Management / Executive Management,Proactive
138,August,4,"Java (Multi Skilled),Java",Gurgaon,B1,INS,(D) Healthcare Sector,Proactive
139,March,3,"Java (Multi Skilled),Java",Pune,A3,TEST,(D) Banking Sector,Account
140,December,4,"Java (Multi Skilled),Java",Hartford,C1,ERP,(D) Banking Sector,Account
141,May,1,"Java (Multi Skilled),Java",Bangalore,A4,BANK,(T) Mainframe Development Technologies,Proactive
142,October,2,Filenet,Bhubaneswar,B2,M&FT,(D) Banking Sector,Account
143,March,3,Filenet,Pune,A3,TEST,(T) Mainframe Development Technologies,Account
144,October,2,Filenet,Bhubaneswar,B2,Cards,(D) Cards,Proactive
145,March,1,Filenet,Pune,A3,TEST,(D) Banking Sector,Proactive
146,August,1,Filenet,Gurgaon,B1,GP,(T) Java Development Technologies,Proactive
147,March,3,"Core Java,Java",Pune,A3,TEST,(T) Mainframe Development Technologies,Account
148,March,2,Thunderhead,Pune,A3,TEST,(T) Enterprise Content Management (ECM),Proactive
149,March,1,Thunderhead,Pune,A3,TEST,(T) Enterprise Content Management (ECM),Account
150,January,4,"Core Java,Java",Chennai,A1,DCX,,Proactive
151,June,4,Thunderhead,Noida,A5,ADM,(T) Mainframe Development Technologies,Proactive
152,January,4,Thunderhead,Chennai,A1,DCX,(F) IT Operations,Account
153,February,4,Thunderhead,Hyderabad,A2,CFS,(T) Web Development Technologies,Proactive
154,February,4,Thunderhead,Hyderabad,A2,CFS,(T) Reporting/Business Intelligence,Proactive
155,February,4,Thunderhead,Hyderabad,A2,CFS,(T) Reporting/Business Intelligence,Proactive
156,March,4,Thunderhead,Pune,A3,TEST,(D) Banking Sector,Account
157,August,2,Thunderhead,Gurgaon,B1,INS,(D) Banking Sector,Proactive
158,December,1,Thunderhead,Hartford,C1,ERP,(T) Enterprise Content Management (ECM),Proactive
159,August,3,Thunderhead,Gurgaon,B1,GP,,Proactive
160,August,2,"Java,Angular.js",Gurgaon,B1,GP,(T) Testing Tools / Testing Automation / Performance Testing Tools,Proactive
161,December,3,Manual Security Testing,Hartford,C1,ERP,(T) Mainframe Development Technologies,Account
162,June,3,Java,Noida,A5,ADM,(T) Card packages,Proactive
163,December,3,Java,Hartford,C1,ERP,(T) Enterprise Content Management (ECM),Account
164,January,3,Java,Chennai,A1,DCX,(T) Testing Tools / Testing Automation / Performance Testing Tools,Support
165,January,3,Business Analytics,Chennai,A1,DCX,(D) Financial Services,Proactive
166,January,4,CRM - Salesforce.com,Chennai,A1,DCX,(T) Mainframe Development Technologies,Proactive
167,January,3,CRM - Salesforce.com,Chennai,A1,DCX,(T) Reporting/Business Intelligence,Proactive
168,October,1,Informatica PowerCenter,Bhubaneswar,B2,M&FT,(D) Banking Sector,Account
169,June,3,QlikView,Noida,A5,ADM,(T) Operating systems and Virtualization Technologies,Account
170,January,1,Project Management Framework,Chennai,A1,DCX,(T) Java Development Technologies,Support
171,October,1,"HTML,Core Java",Bhubaneswar,B2,M&FT,(T) Card packages,Proactive
172,October,1,Testing Manual,Bhubaneswar,B2,M&FT,(T) Client Server Development Technologies,Proactive
173,March,4,"JEE,Java (Multi Skilled),Java",Pune,A3,TEST,,Proactive
174,May,1,"JEE,Scrum,(T) Project Tools, Methodologies and Frameworks,Java (Multi Skilled),Java",Bangalore,A4,BANK,(T) Mainframe Development Technologies,Proactive
175,December,2,"Test Reporting,Informatica BI,Test Case Execution,SQL,ETL",Hartford,C1,ERP,(T) Card packages,Account
176,August,4,"Informatica BI,Test Reporting,Test Case Execution,SQL,ETL",Gurgaon,B1,INS,(T) Card packages,Proactive
177,August,3,"Informatica BI,Test Reporting,Test Case Execution,SQL,ETL",Gurgaon,B1,INS,(T) Card packages,Proactive
178,January,1,"Informatica BI,Test Reporting,Test Case Execution,SQL,ETL",Chennai,A1,DCX,(T) Enterprise Content Management (ECM),Account
179,February,1,Ab Initio,Hyderabad,A2,CFS,(T) Java Development Technologies,Account
180,October,2,Ab Initio,Bhubaneswar,B2,M&FT,(D) Banking Sector,Proactive
181,October,2,Ab Initio,Bhubaneswar,B2,M&FT,(T) Operating systems and Virtualization Technologies,Proactive
182,October,3,Ab Initio,Bhubaneswar,B2,Cards,(D) Cards,Account
183,May,1,Ab Initio,Bangalore,A4,BANK,(D) Cards,Account
184,October,2,"MQ Developer,Linux",Bhubaneswar,B2,M&FT,(T) Enterprise Content Management (ECM),Proactive
185,October,2,Ab Initio,Bhubaneswar,B2,M&FT,(T) Monitoring Technologies,Proactive
186,October,4,Axiom,Bhubaneswar,B2,M&FT,(T) Card packages,Proactive
187,March,2,Power Designer Data Architect,Pune,A3,TEST,(F) Business Management / Management / Executive Management,Account
188,February,4,Power Designer Data Architect,Hyderabad,A2,CFS,(T) Mainframe Development Technologies,Account
189,March,2,Power Designer Data Architect,Pune,A3,TEST,(T) Testing Tools / Testing Automation / Performance Testing Tools,Proactive
190,March,4,Power Designer Data Architect,Pune,A3,TEST,(T) Enterprise Content Management (ECM),Proactive
191,October,2,Power Designer Data Architect,Bhubaneswar,B2,M&FT,(T) Enterprise Content Management (ECM),Proactive
192,February,4,Hyperion Financial Management,Hyderabad,A2,CFS,(T) Guidewire,Proactive
193,March,4,Hyperion Financial Management,Pune,A3,TEST,(T) Enterprise Content Management (ECM),Account
194,March,2,.Net (WF),Pune,A3,TEST,(F) HRO (HR Operations - Business Services),Proactive
195,January,1,.Net (WF),Chennai,A1,DCX,(T) Enterprise Content Management (ECM),Proactive
196,May,4,SQL,Bangalore,A4,BANK,(T) Java Development Technologies,Account
197,June,4,SQL,Noida,A5,I&D,,Proactive
198,June,1,SQL,Noida,A5,ADM,(T) Enterprise Content Management (ECM),Proactive
199,October,2,SQL,Bhubaneswar,B2,M&FT,(D) Banking Sector,Proactive
200,December,3,SQL,Hartford,C1,ERP,(T) Enterprise Content Management (ECM),Proactive
201,March,1,Cards Issuing,Pune,A3,TEST,(T) Enterprise Content Management (ECM),Proactive
202,August,2,Cards Issuing,Gurgaon,B1,GP,(T) Card packages,Proactive
203,August,2,Cards Issuing,Gurgaon,B1,INS,(T) Java Development Technologies,Account
204,May,4,Cards Issuing,Bangalore,A4,BANK,(T) BigData,Support
205,May,1,Cards Issuing,Bangalore,A4,BANK,(D) Banking Sector,Account
206,August,2,Peoplesoft (ERP),Gurgaon,B1,INS,(T) Mainframe Development Technologies,Proactive
207,August,4,Peoplesoft (ERP),Gurgaon,B1,GP,(T) Enterprise Content Management (ECM),Proactive
208,March,3,Peoplesoft (ERP),Pune,A3,TEST,(T) Mainframe Development Technologies,Account
209,June,1,Peoplesoft (ERP),Noida,A5,ADM,(T) Enterprise Content Management (ECM),Proactive
210,March,2,Peoplesoft (ERP),Pune,A3,TEST,(T) Enterprise Content Management (ECM),Proactive
211,March,1,Peoplesoft (ERP),Pune,A3,TEST,(T) Enterprise Content Management (ECM),Account
212,June,4,Peoplesoft (ERP),Noida,A5,ADM,(D) Banking Sector,Account
213,June,1,Java,Noida,A5,I&D,(T) Mainframe Development Technologies,Proactive
214,February,3,iOS Development,Hyderabad,A2,CFS,"(T) Project Tools, Methodologies and Frameworks",Proactive
215,August,2,Java,Gurgaon,B1,INS,(T) Other Oracle ERP,Account
216,October,3,Java,Bhubaneswar,B2,M&FT,,Account
217,October,3,SAS,Bhubaneswar,B2,M&FT,(T) Enterprise Content Management (ECM),Account
218,October,4,Testing Manual,Bhubaneswar,B2,M&FT,(D) Financial Services,Account
219,February,1,Pega,Hyderabad,A2,CFS,(T) Enterprise Content Management (ECM),Account
220,March,4,Pega,Pune,A3,TEST,(T) Mainframe Development Technologies,Account
221,October,1,Pega,Bhubaneswar,B2,Cards,(T) Java Development Technologies,Account
222,March,2,"Selenium,Jenkins",Pune,A3,TEST,"(T) Project Tools, Methodologies and Frameworks",Account
223,October,3,"Selenium,Jenkins",Bhubaneswar,B2,Cards,(T) Client Server Development Technologies,Proactive
224,March,1,HP Performance Center,Pune,A3,TEST,(D) Banking Sector,Proactive
225,October,3,Test Automation,Bhubaneswar,B2,M&FT,(T) Data Integration,Proactive
226,March,3,"Jenkins,Groovy",Pune,A3,TEST,(D) Banking Sector,Account
227,March,2,"Selenium,Quick Test Pro",Pune,A3,TEST,(T) Operating systems and Virtualization Technologies,Proactive
228,October,3,"Selenium,Quick Test Pro",Bhubaneswar,B2,Cards,(D) Banking Sector,Proactive
229,March,3,"Selenium,Quick Test Pro",Pune,A3,TEST,(T) Enterprise Content Management (ECM),Proactive
230,August,1,"Selenium,Quick Test Pro",Gurgaon,B1,GP,(D) Financial Services,Proactive
231,December,1,"Selenium,Quick Test Pro",Hartford,C1,ERP,(T) Mainframe Development Technologies,Proactive
232,October,2,Selenium,Bhubaneswar,B2,Cards,(T) Network operate & administration Technologies,Proactive
233,October,4,Selenium,Bhubaneswar,B2,Cards,(T) Microsoft Development Technologies,Proactive
234,August,4,"J2EE,Spring,Hibernate,Agile",Gurgaon,B1,GP,(T) Card packages,Account
235,August,2,.Net (WF),Gurgaon,B1,INS,(T) Card packages,Proactive
236,March,3,.Net (WF),Pune,A3,TEST,(T) Card packages,Account
237,August,2,Business Analytics,Gurgaon,B1,GP,(T) Microsoft Development Technologies,Account
238,June,4,Mulesoft API,Noida,A5,ADM,(F) IT Operations,Support
239,May,4,Ab Initio,Bangalore,A4,BANK,(F) IT Operations,Proactive
240,December,4,Ab Initio,Hartford,C1,ERP,(T) Operating systems and Virtualization Technologies,Proactive
241,February,1,Ab Initio,Hyderabad,A2,CFS,(D) Banking Sector,Proactive
242,February,3,Ab Initio,Hyderabad,A2,CFS,(T) Relational Databases,Proactive
243,August,2,Java,Gurgaon,B1,GP,(D) Banking Sector,Account
244,August,1,"UI,UI Customization,Backbone.js",Gurgaon,B1,GP,(T) Mainframe Development Technologies,Account
245,October,4,"UI,UI Customization",Bhubaneswar,B2,Cards,(T) Relational Databases,Support
246,February,4,"Project Management Framework,(T) Project Tools, Methodologies and Frameworks",Hyderabad,A2,CFS,(T) Enterprise Content Management (ECM),Proactive
247,June,1,"Java,Unix,Agile,(Architecture) - Architecture, Solution Designing, Farm Structure/Topology,Mainframe Environment,Redhat Satellite Server Administration",Noida,A5,I&D,(T) Data Governance / Master Data Management (MDM),Proactive
248,December,3,Java,Hartford,C1,ERP,(T) Operating systems and Virtualization Technologies,Proactive
249,June,1,Core Java,Noida,A5,I&D,"(T) Project Tools, Methodologies and Frameworks",Account
250,December,4,"Mainframe applications,Cards Issuing",Hartford,C1,ERP,(T) Card packages,Account
251,January,1,Agile,Chennai,A1,DCX,(T) Enterprise Content Management (ECM),Proactive
252,October,3,Teradata,Bhubaneswar,B2,Cards,(T) Relational Databases,Proactive
253,October,1,Teradata,Bhubaneswar,B2,Cards,(T) Enterprise Content Management (ECM),Account
254,October,4,Teradata,Bhubaneswar,B2,M&FT,(T) Mainframe Development Technologies,Proactive
255,June,3,Teradata,Noida,A5,ADM,(D) Insurance Sector,Proactive
256,October,4,Build and Release Management,Bhubaneswar,B2,M&FT,(T) Testing Tools / Testing Automation / Performance Testing Tools,Proactive
257,August,2,Build and Release Management,Gurgaon,B1,INS,(D) Cards,Account
258,June,1,Java,Noida,A5,I&D,(T) Operating systems and Virtualization Technologies,Proactive
259,March,3,Java,Pune,A3,TEST,(T) Enterprise Content Management (ECM),Account
260,October,3,"ETL,Ab Initio",Bhubaneswar,B2,Cards,(T) Mainframe Development Technologies,Proactive
261,October,4,"ETL,Ab Initio",Bhubaneswar,B2,Cards,(D) Cards,Proactive
262,October,3,"ETL,Ab Initio",Bhubaneswar,B2,M&FT,(T) Card packages,Account
263,January,2,"ETL,Ab Initio",Chennai,A1,DCX,,Proactive
264,December,3,"Defect Tracking,Testing SAP,Test Case Execution,Selenium,ETL",Hartford,C1,ERP,(T) Testing Tools / Testing Automation / Performance Testing Tools,Proactive
265,May,1,"Defect Tracking,Testing SAP,Test Case Execution,Selenium,ETL",Bangalore,A4,BANK,(D) Banking Sector,Proactive
266,October,2,"Defect Tracking,Testing SAP,Test Case Execution,Selenium,ETL",Bhubaneswar,B2,Cards,(D) Banking Sector,Account
267,March,2,IBM,Pune,A3,TEST,(T) Testing Tools / Testing Automation / Performance Testing Tools,Account
268,August,2,"(Consulting) - Business Analysis, Requirements",Gurgaon,B1,INS,(F) Business Consulting,Proactive
269,June,3,Ab Initio,Noida,A5,ADM,,Account
270,December,2,BLUE PRISM,Hartford,C1,ERP,(T) Java Development Technologies,Proactive
271,August,4,BLUE PRISM,Gurgaon,B1,INS,(F) IT Operations,Proactive
272,March,4,BLUE PRISM,Pune,A3,TEST,(T) Enterprise Content Management (ECM),Proactive
273,March,2,BLUE PRISM,Pune,A3,TEST,(D) Insurance Sector,Proactive
274,August,4,SAS,Gurgaon,B1,INS,(T) Mainframe Development Technologies,Support
275,October,3,SAS,Bhubaneswar,B2,M&FT,(T) Reporting/Business Intelligence,Account
276,March,1,SAS,Pune,A3,TEST,(T) Enterprise Content Management (ECM),Proactive
277,June,1,SAS,Noida,A5,I&D,(T) Web Development Technologies,Proactive
278,October,4,SAS,Bhubaneswar,B2,M&FT,(T) Enterprise Content Management (ECM),Account
279,January,2,SAS,Chennai,A1,DCX,(T) Microsoft Development Technologies,Proactive
280,October,4,SAS,Bhubaneswar,B2,M&FT,(T) Data Integration,Account
281,March,4,SAS,Pune,A3,TEST,(F) IT Operations,Proactive
282,June,4,SAS,Noida,A5,I&D,(F) IT Operations,Account
283,August,3,SAS,Gurgaon,B1,INS,(T) Microsoft Development Technologies,Proactive
284,December,4,"Angular.js,CSS,HTML",Hartford,C1,ERP,(D) Banking Sector,Proactive
285,March,1,Java,Pune,A3,TEST,(T) Configuration Management & Versioning Tools,Account
286,October,4,Java,Bhubaneswar,B2,M&FT,(D) Capital Markets Sector,Support
287,June,1,Actimize,Noida,A5,ADM,(D) Insurance Sector,Proactive
288,January,3,Axiom,Chennai,A1,DCX,(T) Guidewire,Proactive
289,March,3,Axiom,Pune,A3,TEST,"(T) Project Tools, Methodologies and Frameworks",Proactive
290,June,2,"Selenium,Test Automation,Cucumber, Behat,Webservices",Noida,A5,ADM,(T) Enterprise Content Management (ECM),Proactive
291,August,1,"Selenium,Test Automation,Cucumber, Behat,Webservices",Gurgaon,B1,GP,(T) Enterprise Content Management (ECM),Proactive
292,January,1,"J2EE,Spring,Hibernate,REST",Chennai,A1,DCX,(T) Mainframe Development Technologies,Account
293,December,3,"J2EE,Spring,Hibernate,REST",Hartford,C1,ERP,(D) Banking Sector,Proactive
294,June,3,"J2EE,Spring,Hibernate,REST",Noida,A5,I&D,(F) IT Operations,Account
295,March,1,"J2EE,Spring,Hibernate,REST",Pune,A3,TEST,(T) Java Development Technologies,Proactive
296,May,2,"UML,Cards Acquiring,Automation - Chef, Puppet",Bangalore,A4,BANK,(D) Banking Sector,Proactive
297,June,4,"Cards Acquiring,Automation - Chef, Puppet",Noida,A5,ADM,(T) Enterprise Content Management (ECM),Proactive
298,March,1,"Cards Acquiring,UML,Automation - Chef, Puppet",Pune,A3,TEST,(T) Testing Tools / Testing Automation / Performance Testing Tools,Proactive
299,December,3,"Java,PYTHON,Jenkins,GIT,PowerShell ( Server Administration)",Hartford,C1,ERP,(T) Java Development Technologies,Proactive
300,March,3,"Java,PYTHON,Jenkins,GIT,PowerShell ( Server Administration)",Pune,A3,TEST,,Proactive
301,October,3,"Java,PYTHON,Jenkins,PowerShell ( Server Administration),GIT",Bhubaneswar,B2,Cards,(T) Java Development Technologies,Proactive
302,February,2,"Java,PYTHON,Jenkins,GIT,PowerShell ( Server Administration)",Hyderabad,A2,CFS,(T) Web Development Technologies,Proactive
303,August,4,"Java,PYTHON,Jenkins,GIT,PowerShell ( Server Administration)",Gurgaon,B1,INS,(T) Enterprise Content Management (ECM),Proactive
304,February,4,"Java,PYTHON,Jenkins,GIT,PowerShell ( Server Administration)",Hyderabad,A2,CFS,(T) Mainframe Development Technologies,Support
305,August,1,"J2EE,Spring,Hibernate,Agile",Gurgaon,B1,INS,(D) Cards,Proactive
306,March,1,"J2EE,Spring,Hibernate,Agile",Pune,A3,TEST,(T) Enterprise Content Management (ECM),Account
307,October,1,"J2EE,Spring,Hibernate,Agile",Bhubaneswar,B2,Cards,(T) Enterprise Content Management (ECM),Proactive
308,December,3,"J2EE,Spring,Hibernate,Agile",Hartford,C1,ERP,,Account
309,December,1,"J2EE,Spring,Hibernate,Agile",Hartford,C1,ERP,(T) Enterprise Content Management (ECM),Support
310,December,1,"J2EE,Spring,Hibernate,Agile",Hartford,C1,ERP,(T) Monitoring Technologies,Account
311,August,4,"J2EE,Spring,Hibernate,Agile",Gurgaon,B1,INS,(T) Client Server Development Technologies,Account
312,January,1,"J2EE,Spring,Hibernate,Agile",Chennai,A1,DCX,(F) Business Consulting,Proactive
313,August,1,"J2EE,Spring,Hibernate,Agile",Gurgaon,B1,INS,(T) Java Development Technologies,Proactive
314,March,1,"J2EE,Spring,Hibernate,Agile",Pune,A3,TEST,(T) Data Science and Analytics,Proactive
315,June,1,"J2EE,Spring,Hibernate,Agile",Noida,A5,I&D,(D) Banking Sector,Account
316,February,2,"J2EE,Spring,Hibernate,Agile",Hyderabad,A2,CFS,(F) Finance / Treasury / Cash / Consolidation,Proactive
317,February,3,"J2EE,Spring,Hibernate,Agile",Hyderabad,A2,CFS,(T) Card packages,Proactive
318,August,2,"J2EE,Spring,Hibernate,Agile",Gurgaon,B1,GP,(D) Banking Sector,Proactive
319,December,3,"J2EE,Spring,Hibernate,Agile",Hartford,C1,ERP,(T) Enterprise Content Management (ECM),Proactive
320,December,1,"J2EE,Spring,Hibernate,Agile",Hartford,C1,ERP,(T) Configuration Management & Versioning Tools,Proactive
321,August,1,"J2EE,Spring,Hibernate,Agile",Gurgaon,B1,GP,(T) Java Development Technologies,Account
322,May,3,"J2EE,Spring,Hibernate,Agile",Bangalore,A4,BANK,(T) Java Development Technologies,Proactive
323,June,2,"Performance Testing,BatchSupport,System Management Application",Noida,A5,ADM,(T) Web Development Technologies,Proactive
324,March,2,"Performance Testing,BatchSupport,System Management Application",Pune,A3,TEST,(D) Capital Markets Sector,Proactive
325,March,4,"Performance Testing,System Management Application,BatchSupport",Pune,A3,TEST,(T) BigData,Proactive
326,March,2,"Performance Testing,BatchSupport,System Management Application",Pune,A3,TEST,(T) Card packages,Proactive
327,December,4,"Java,PL SQL,Cloud,Dynamics CRM 2011,JMX",Hartford,C1,ERP,(T) Operating systems and Virtualization Technologies,Proactive
328,March,1,Java,Pune,A3,TEST,(T) Enterprise Content Management (ECM),Proactive
329,March,3,"Java,Selenium,Cucumber, Behat,C#,CSS,Test Automation",Pune,A3,TEST,,Proactive
330,March,4,"Java,Selenium,Cucumber, Behat,C#,CSS,Test Automation",Pune,A3,TEST,(T) Enterprise Content Management (ECM),Support
331,October,1,"Java,Test Automation,C#,Selenium,Cucumber, Behat",Bhubaneswar,B2,M&FT,(T) Card packages,Account
332,June,1,"Java,Test Automation,C#,Selenium,Cucumber, Behat",Noida,A5,I&D,(T) Operating systems and Virtualization Technologies,Account
333,August,2,"Java,Test Automation,C#,Cucumber, Behat,Selenium",Gurgaon,B1,GP,(T) Mainframe Development Technologies,Proactive
334,August,3,"Java,Selenium,Test Automation,C#,Cucumber, Behat",Gurgaon,B1,INS,(T) Card packages,Account
335,August,3,"Java,Selenium,Test Automation,C#,Cucumber, Behat",Gurgaon,B1,INS,(F) Sales / CRM / Marketing / Offer/ Client Management / Customer Experience,Proactive
336,January,2,"Java,Selenium,Test Automation,C#,Cucumber, Behat",Chennai,A1,DCX,(F) Business Management / Management / Executive Management,Account
337,January,2,"Java,Selenium,Test Automation,C#,Cucumber, Behat",Chennai,A1,DCX,(T) Mainframe Development Technologies,Proactive
338,August,4,"Java,Selenium,Test Automation,C#,Cucumber, Behat",Gurgaon,B1,GP,(T) Mainframe Development Technologies,Account
339,August,3,"Java,Selenium,Test Automation,C#,Cucumber, Behat",Gurgaon,B1,INS,(D) Insurance Sector,Proactive
340,October,2,"Java,Selenium,Test Automation,C#,Cucumber, Behat",Bhubaneswar,B2,M&FT,"(T) Project Tools, Methodologies and Frameworks",Proactive
341,May,4,"Java,Selenium,Test Automation,C#,Cucumber, Behat",Bangalore,A4,BANK,(F) IT Operations,Account
342,June,4,"Java,Selenium,Test Automation,C#,Cucumber, Behat",Noida,A5,ADM,(D) Banking Sector,Proactive
343,October,1,"Java,Selenium,Test Automation,C#,Cucumber, Behat",Bhubaneswar,B2,Cards,(T) Enterprise Service Bus (ESB),Proactive
344,October,3,"Java,Selenium,Test Automation,C#,Cucumber, Behat",Bhubaneswar,B2,M&FT,(T) Testing Tools / Testing Automation / Performance Testing Tools,Proactive
345,October,3,"Java,Test Automation,Cucumber, Behat,C#,Selenium",Bhubaneswar,B2,M&FT,(T) Card packages,Proactive
346,August,1,Project Management Framework,Gurgaon,B1,INS,(T) Enterprise Content Management (ECM),Proactive
347,February,4,"Testing Manual,Cards Acquiring",Hyderabad,A2,CFS,(T) Card packages,Proactive
348,October,2,"Selenium,Test Automation,Cucumber, Behat,Java 7",Bhubaneswar,B2,M&FT,(T) Enterprise Content Management (ECM),Proactive
349,June,3,"Test Automation,Cucumber, Behat,Java 7,Selenium",Noida,A5,I&D,(T) Card packages,Account
350,August,3,"Selenium,Test Automation,Cucumber, Behat,Java 7",Gurgaon,B1,GP,(D) Banking Sector,Proactive
351,October,1,"Selenium,Test Automation,Cucumber, Behat,Java 7",Bhubaneswar,B2,Cards,(T) Enterprise Content Management (ECM),Proactive
352,August,4,"Selenium,Test Automation,Cucumber, Behat,Java 7",Gurgaon,B1,GP,(F) IT Operations,Proactive
353,March,2,"Selenium,Test Automation,Cucumber, Behat,Java 7",Pune,A3,TEST,(T) Reporting/Business Intelligence,Proactive
354,October,4,"Selenium,Test Automation,Cucumber, Behat,Java 7",Bhubaneswar,B2,Cards,(T) Mainframe Development Technologies,Support
355,August,1,"Selenium,Test Automation,Cucumber, Behat,Java 7",Gurgaon,B1,INS,(T) Java Development Technologies,Proactive
356,January,4,"Selenium,Test Automation,Cucumber, Behat,Java 7",Chennai,A1,DCX,(T) Guidewire,Account
357,October,3,"Selenium,Test Automation,Cucumber, Behat,Java 7",Bhubaneswar,B2,Cards,"(T) Project Tools, Methodologies and Frameworks",Account
358,October,3,"Selenium,Test Automation,Cucumber, Behat,Java 7",Bhubaneswar,B2,M&FT,(T) Mainframe Development Technologies,Account
359,January,3,"Selenium,Test Automation,Cucumber, Behat,Java 7",Chennai,A1,DCX,(D) Banking Sector,Account
360,October,2,"Selenium,Test Automation,Cucumber, Behat,Java 7",Bhubaneswar,B2,M&FT,(T) Mainframe Development Technologies,Account
361,June,1,"Selenium,Test Automation,Cucumber, Behat,Java 7",Noida,A5,ADM,(T) Reporting/Business Intelligence,Account
362,August,2,"Selenium,Test Automation,Cucumber, Behat,Java 7",Gurgaon,B1,GP,(T) Data Integration,Account
363,October,1,"Java,Cucumber, Behat,Jenkins,Cards Acquiring,Functional Testing,Selenium",Bhubaneswar,B2,Cards,(D) Banking Sector,Account
364,June,2,"Java,Cucumber, Behat,Jenkins,Cards Acquiring,Selenium,Functional Testing",Noida,A5,I&D,(T) Testing Tools / Testing Automation / Performance Testing Tools,Account
365,August,1,"Java,Cucumber, Behat,Jenkins,Cards Acquiring,Functional Testing,Selenium",Gurgaon,B1,INS,(T) Mainframe Development Technologies,Account
366,August,3,"Java,Cucumber, Behat,Jenkins,Cards Acquiring,Functional Testing,Selenium",Gurgaon,B1,INS,(F) IT Operations,Proactive
367,February,1,"Java,Cucumber, Behat,Jenkins,Cards Acquiring,Functional Testing,Selenium",Hyderabad,A2,CFS,"(T) Project Tools, Methodologies and Frameworks",Proactive
368,August,3,"Java,Cucumber, Behat,Jenkins,Cards Acquiring,Functional Testing,Selenium",Gurgaon,B1,INS,(T) Enterprise Content Management (ECM),Account
369,October,2,"Java,Cucumber, Behat,Jenkins,Cards Acquiring,Functional Testing,Selenium",Bhubaneswar,B2,M&FT,(T) Java Development Technologies,Proactive
370,October,2,"Selenium,Test Automation,Cucumber, Behat,Java 7",Bhubaneswar,B2,M&FT,(D) Banking Sector,Support
371,August,2,"Java,Selenium,Cucumber, Behat",Gurgaon,B1,GP,(D) Banking Sector,Account
372,February,2,"Business Analytics,BLUE PRISM",Hyderabad,A2,CFS,(T) Enterprise Content Management (ECM),Proactive
373,January,1,"Business Analytics,BLUE PRISM",Chennai,A1,DCX,(T) Enterprise Content Management (ECM),Proactive
374,February,1,Test Automation,Hyderabad,A2,CFS,,Proactive
375,August,3,Java,Gurgaon,B1,GP,,Proactive
376,August,4,Oracle 9i,Gurgaon,B1,INS,(T) Mainframe Development Technologies,Proactive
377,August,1,Oracle 9i,Gurgaon,B1,GP,(T) Mainframe Development Technologies,Proactive
378,June,3,Java,Noida,A5,I&D,(T) Enterprise Content Management (ECM),Proactive
379,June,4,Java,Noida,A5,ADM,(D) Banking Sector,Account
380,February,2,Java,Hyderabad,A2,CFS,(D) Banking Sector,Proactive
381,January,3,Java,Chennai,A1,DCX,(T) Operating systems and Virtualization Technologies,Proactive
382,October,2,Java,Bhubaneswar,B2,Cards,(D) Banking Sector,Proactive
383,January,4,Java,Chennai,A1,DCX,(D) Banking Sector,Proactive
384,October,4,Java,Bhubaneswar,B2,M&FT,(D) Capital Markets Sector,Proactive
385,August,1,Java,Gurgaon,B1,GP,(T) Enterprise Content Management (ECM),Proactive
386,June,4,PMO (Project),Noida,A5,I&D,(T) Testing Tools / Testing Automation / Performance Testing Tools,Proactive
387,May,2,PMO (Project),Bangalore,A4,BANK,(D) Insurance Sector,Account
388,May,1,PMO (Project),Bangalore,A4,BANK,(T) Guidewire,Account
389,October,2,Teradata,Bhubaneswar,B2,Cards,(T) Relational Databases,Account
390,October,2,Teradata,Bhubaneswar,B2,M&FT,(T) Java Development Technologies,Account
391,March,1,QlikView,Pune,A3,TEST,(T) Card packages,Account
392,June,4,Power Designer Data Architect,Noida,A5,ADM,(D) Banking Sector,Support
393,May,3,Java,Bangalore,A4,BANK,(T) Card packages,Proactive
394,February,1,PMO (Account),Hyderabad,A2,CFS,(T) Guidewire,Proactive
395,October,2,Java,Bhubaneswar,B2,M&FT,(T) Java Development Technologies,Account
396,August,3,Selenium,Gurgaon,B1,INS,(T) Java Development Technologies,Proactive
397,October,4,Selenium,Bhubaneswar,B2,M&FT,(T) Enterprise Content Management (ECM),Proactive
398,June,2,Informatica BI,Noida,A5,I&D,(T) Enterprise Content Management (ECM),Account
399,May,2,REST API,Bangalore,A4,BANK,(F) IT Operations,Proactive
400,December,2,"API Integrations- REST, SOAP , Powershell",Hartford,C1,ERP,(T) Enterprise Content Management (ECM),Proactive
401,June,3,"Automation - Chef, Puppet",Noida,A5,ADM,(T) Microsoft Development Technologies,Proactive
402,January,2,"API Integrations- REST, SOAP , Powershell",Chennai,A1,DCX,(T) Enterprise Content Management (ECM),Account
403,August,1,"API Integrations- REST, SOAP , Powershell",Gurgaon,B1,INS,(D) Banking Sector,Account
404,May,1,"API Integrations- REST, SOAP , Powershell",Bangalore,A4,BANK,(T) Enterprise Service Bus (ESB),Account
405,December,3,"API Integrations- REST, SOAP , Powershell",Hartford,C1,ERP,(D) Banking Sector,Account
406,December,1,"API Integrations- REST, SOAP , Powershell",Hartford,C1,ERP,(T) Java Development Technologies,Account
407,December,3,"API Integrations- REST, SOAP , Powershell",Hartford,C1,ERP,(D) Banking Sector,Proactive
408,February,3,Java,Hyderabad,A2,CFS,(T) Mainframe Development Technologies,Proactive
409,January,2,Testing Manual,Chennai,A1,DCX,(T) Microsoft Development Technologies,Proactive
410,March,4,Testing Manual,Pune,A3,TEST,(D) Banking Sector,Proactive
411,October,3,Testing Manual,Bhubaneswar,B2,M&FT,(T) Relational Databases,Proactive
412,August,2,Java,Gurgaon,B1,INS,(T) Enterprise Content Management (ECM),Proactive
413,August,3,BPM,Gurgaon,B1,INS,(T) Testing Tools / Testing Automation / Performance Testing Tools,Proactive
414,October,1,Java Web,Bhubaneswar,B2,Cards,"(T) Project Tools, Methodologies and Frameworks",Proactive
415,March,3,Decision Strategy Manager,Pune,A3,TEST,"(T) Project Tools, Methodologies and Frameworks",Proactive
416,June,2,J2EE,Noida,A5,ADM,(T) Enterprise Content Management (ECM),Proactive
417,October,2,"(T) Testing Tools / Testing Automation / Performance Testing Tools,Java",Bhubaneswar,B2,Cards,(T) Client Server Development Technologies,Account
418,June,3,"(T) Testing Tools / Testing Automation / Performance Testing Tools,Java",Noida,A5,I&D,(T) Enterprise Content Management (ECM),Proactive
419,March,1,PYTHON,Pune,A3,TEST,(F) IT Operations,Proactive
420,March,4,Testing Manual,Pune,A3,TEST,(T) Enterprise Content Management (ECM),Support
421,June,3,C# .NET,Noida,A5,I&D,(D) Banking Sector,Support
422,June,1,C# .NET,Noida,A5,ADM,(D) Cards,Support
423,December,4,Axiom,Hartford,C1,ERP,(T) Web Development Technologies,Support
424,August,3,Axiom,Gurgaon,B1,GP,(T) Data Integration,Support
425,February,4,Axiom,Hyderabad,A2,CFS,(D) Capital Markets Sector,Proactive
426,January,4,Java,Chennai,A1,DCX,(T) Enterprise Content Management (ECM),Proactive
427,December,3,Java,Hartford,C1,ERP,(T) Testing Tools / Testing Automation / Performance Testing Tools,Proactive
428,May,3,Java,Bangalore,A4,BANK,(D) Banking Sector,Account
429,August,1,Oracle Database UNIX Scripting,Gurgaon,B1,INS,(T) Mainframe Development Technologies,Account
430,June,1,Java,Noida,A5,ADM,(T) Enterprise Content Management (ECM),Account
431,February,4,Java,Hyderabad,A2,CFS,(T) Enterprise Content Management (ECM),Proactive
432,August,4,Java,Gurgaon,B1,INS,(D) Cards,Proactive
433,February,4,Ab Initio,Hyderabad,A2,CFS,(D) Banking Sector,Proactive
434,June,4,Ab Initio,Noida,A5,I&D,(T) Enterprise Content Management (ECM),Proactive
435,February,4,SAS,Hyderabad,A2,CFS,(T) Testing Tools / Testing Automation / Performance Testing Tools,Account
436,October,3,SAS,Bhubaneswar,B2,Cards,(D) Banking Sector,Proactive
437,August,2,SAS,Gurgaon,B1,INS,(T) Card packages,Proactive
438,August,3,PMO (Account),Gurgaon,B1,INS,(T) Enterprise Content Management (ECM),Proactive
439,October,2,Informatica BI,Bhubaneswar,B2,Cards,(T) Client Server Development Technologies,Proactive
440,June,4,Informatica BI,Noida,A5,ADM,"(T) Workflow,  Business process management and Case management",Proactive
441,June,3,"API Integrations- REST, SOAP , Powershell",Noida,A5,I&D,(T) Mainframe Development Technologies,Proactive
442,October,1,"API Integrations- REST, SOAP , Powershell",Bhubaneswar,B2,M&FT,(T) Mainframe Development Technologies,Account
443,October,4,"API Integrations- REST, SOAP , Powershell",Bhubaneswar,B2,Cards,(D) Capital Markets Sector,Proactive
444,January,1,"API Integrations- REST, SOAP , Powershell",Chennai,A1,DCX,(T) Card packages,Support
445,January,2,"API Integrations- REST, SOAP , Powershell",Chennai,A1,DCX,(T) Java Development Technologies,Proactive
446,December,1,Decision Strategy Manager,Hartford,C1,ERP,(T) Java Development Technologies,Proactive
447,August,4,"SAS,Decision Strategy Manager",Gurgaon,B1,INS,(T) Java Development Technologies,Proactive
448,March,1,Java,Pune,A3,TEST,(T) Enterprise Content Management (ECM),Proactive
449,March,3,Test Automation,Pune,A3,TEST,(T) Card packages,Proactive
450,June,1,SAS,Noida,A5,I&D,(D) Capital Markets Sector,Support
451,March,2,Testing Manual,Pune,A3,TEST,(T) Relational Databases,Proactive
452,August,4,Testing Manual,Gurgaon,B1,GP,(T) Java Development Technologies,Proactive
453,June,2,Testing Manual,Noida,A5,I&D,(D) Banking Sector,Account
454,March,4,Testing Manual,Pune,A3,TEST,(D) Insurance Sector,Proactive
455,March,2,Java,Pune,A3,TEST,(D) Insurance Sector,Proactive
456,January,4,Java,Chennai,A1,DCX,(D) Banking Sector,Account
457,May,2,Java,Bangalore,A4,BANK,(T) Testing Tools / Testing Automation / Performance Testing Tools,Support
458,December,2,Java,Hartford,C1,ERP,(T) Monitoring Technologies,Proactive
459,August,1,"Java-Production Support,Java",Gurgaon,B1,GP,(T) Microsoft Development Technologies,Proactive
460,March,1,"SQL,SAS",Pune,A3,TEST,(T) Microsoft Development Technologies,Account
461,March,2,Java,Pune,A3,TEST,(T) Web Development Technologies,Proactive
462,December,1,SAS,Hartford,C1,ERP,(T) Testing Tools / Testing Automation / Performance Testing Tools,Proactive
463,October,2,SAS,Bhubaneswar,B2,Cards,(T) Mainframe Development Technologies,Proactive
464,December,1,SAS,Hartford,C1,ERP,(T) Enterprise Content Management (ECM),Proactive
465,March,4,"Testing Manual,Cards Acquiring",Pune,A3,TEST,(T) Guidewire,Proactive
466,March,1,Cards Acquiring,Pune,A3,TEST,"(T) Project Tools, Methodologies and Frameworks",Proactive
467,August,3,BPM,Gurgaon,B1,INS,(T) Mainframe Development Technologies,Proactive
468,March,2,BPM,Pune,A3,TEST,(T) Mainframe Development Technologies,Account
469,June,3,BPM,Noida,A5,ADM,(T) Guidewire,Account
470,October,3,BPM,Bhubaneswar,B2,M&FT,(T) Enterprise Content Management (ECM),Proactive
471,March,2,BPM,Pune,A3,TEST,(T) Mainframe Development Technologies,Proactive
472,February,3,"Cards Acquiring,Testing Manual",Hyderabad,A2,CFS,(T) Java Development Technologies,Proactive
473,October,3,"Cards Acquiring,Testing Manual",Bhubaneswar,B2,Cards,(F) IT Operations,Proactive
474,May,2,"Cards Acquiring,Testing Manual",Bangalore,A4,BANK,(T) Monitoring Technologies,Proactive
475,June,4,Informatica BI,Noida,A5,I&D,(T) Enterprise Content Management (ECM),Proactive
476,February,1,Informatica BI,Hyderabad,A2,CFS,(T) Microsoft Development Technologies,Proactive
477,August,2,Informatica BI,Gurgaon,B1,GP,(T) Enterprise Content Management (ECM),Proactive
478,January,1,Informatica BI,Chennai,A1,DCX,(F) IT Consulting,Proactive
479,August,1,Informatica BI,Gurgaon,B1,INS,"(T) Workflow,  Business process management and Case management",Account
480,December,1,Informatica BI,Hartford,C1,ERP,(T) Enterprise Content Management (ECM),Support
481,August,1,Informatica BI,Gurgaon,B1,GP,(T) Mainframe Development Technologies,Proactive
482,February,4,Informatica BI,Hyderabad,A2,CFS,(F) IT Operations,Proactive
483,January,4,Informatica BI,Chennai,A1,DCX,(T) Enterprise Content Management (ECM),Proactive
484,February,2,Java,Hyderabad,A2,CFS,(T) Configuration Management & Versioning Tools,Proactive
485,March,3,Java,Pune,A3,TEST,(T) Microsoft Development Technologies,Account
486,August,4,Java,Gurgaon,B1,GP,(D) Capital Markets Sector,Proactive
487,December,4,Java,Hartford,C1,ERP,(D) Banking Sector,Proactive
488,January,1,Java,Chennai,A1,DCX,(D) Banking Sector,Account
489,June,1,Java,Noida,A5,ADM,(T) Enterprise Content Management (ECM),Proactive
490,June,4,UI,Noida,A5,ADM,(T) Microsoft Development Technologies,Proactive
491,May,2,UI,Bangalore,A4,BANK,(T) Mainframe Development Technologies,Proactive
492,December,1,UI,Hartford,C1,ERP,(T) Capital market packages,Account
493,February,3,C# .NET,Hyderabad,A2,CFS,(T) Enterprise Content Management (ECM),Proactive
494,May,2,Test Automation,Bangalore,A4,BANK,,Proactive
495,March,3,Oracle data quality,Pune,A3,TEST,(D) Capital Markets Sector,Proactive
496,October,3,C# .NET,Bhubaneswar,B2,M&FT,(T) Java Development Technologies,Account
497,August,1,Testing Manual,Gurgaon,B1,INS,(D) Banking Sector,Proactive
498,December,4,Teradata,Hartford,C1,ERP,(T) Enterprise Content Management (ECM),Proactive
499,June,4,Teradata,Noida,A5,ADM,(T) Testing Tools / Testing Automation / Performance Testing Tools,Proactive
500,January,1,Teradata,Chennai,A1,DCX,(F) IT Consulting,Proactive
501,March,4,Informatica BI,Pune,A3,TEST,(T) Mainframe Development Technologies,Proactive
502,October,1,Ab Initio,Bhubaneswar,B2,Cards,(T) Enterprise Content Management (ECM),Proactive
503,October,2,Ab Initio,Bhubaneswar,B2,M&FT,"(T) Project Tools, Methodologies and Frameworks",Account
504,January,4,Ab Initio,Chennai,A1,DCX,(T) Web Development Technologies,Account
505,October,1,Ab Initio,Bhubaneswar,B2,Cards,"(T) Project Tools, Methodologies and Frameworks",Account
506,June,4,Ab Initio,Noida,A5,ADM,(D) Banking Sector,Account
507,January,3,Ab Initio,Chennai,A1,DCX,(T) Enterprise Content Management (ECM),Account
508,December,3,Ab Initio,Hartford,C1,ERP,(T) Enterprise Content Management (ECM),Account
509,February,2,Ab Initio,Hyderabad,A2,CFS,(F) IT Operations,Support
510,March,3,Ab Initio,Pune,A3,TEST,(T) Enterprise Content Management (ECM),Proactive
511,March,4,Ab Initio,Pune,A3,TEST,(T) Mainframe Development Technologies,Proactive
512,January,1,Ab Initio,Chennai,A1,DCX,(D) Banking Sector,Proactive
513,October,3,Ab Initio,Bhubaneswar,B2,M&FT,(T) Java Development Technologies,Proactive
514,August,3,Ab Initio,Gurgaon,B1,INS,(D) Cards,Proactive
515,May,1,Ab Initio,Bangalore,A4,BANK,(T) Mainframe Development Technologies,Proactive
516,October,1,Ab Initio,Bhubaneswar,B2,M&FT,(T) Enterprise Content Management (ECM),Account
517,June,4,Ab Initio,Noida,A5,ADM,(T) Card packages,Account
518,October,1,Ab Initio,Bhubaneswar,B2,M&FT,(T) Microsoft Development Technologies,Proactive
519,October,1,J2EE,Bhubaneswar,B2,Cards,(D) Banking Sector,Support
520,March,2,Test Automation,Pune,A3,TEST,(T) Microsoft Development Technologies,Proactive
521,August,3,Cards Acquiring,Gurgaon,B1,INS,(T) Mainframe Development Technologies,Proactive
522,March,4,Cards Acquiring,Pune,A3,TEST,(T) Enterprise Content Management (ECM),Proactive
523,December,3,"Mainframe applications,VSAM,JCL,TRAMS,COBOL",Hartford,C1,ERP,(T) Java Development Technologies,Support
524,May,2,"Mainframe applications,COBOL,VSAM,TRAMS,JCL",Bangalore,A4,BANK,(T) Operating systems and Virtualization Technologies,Account
525,May,2,"Java,API Integrations- REST, SOAP , Powershell",Bangalore,A4,BANK,(T) Enterprise Content Management (ECM),Proactive
526,June,4,"Java,API Integrations- REST, SOAP , Powershell",Noida,A5,I&D,(T) Client Server Development Technologies,Proactive
527,August,1,"Java,API Integrations- REST, SOAP , Powershell",Gurgaon,B1,INS,(T) Testing Tools / Testing Automation / Performance Testing Tools,Proactive
528,December,2,"Java,API Integrations- REST, SOAP , Powershell",Hartford,C1,ERP,(T) Reporting/Business Intelligence,Account
529,June,3,"Java,API Integrations- REST, SOAP , Powershell",Noida,A5,ADM,(T) Reporting/Business Intelligence,Account
530,February,2,"Java,API Integrations- REST, SOAP , Powershell",Hyderabad,A2,CFS,(T) Data Integration,Account
531,October,1,"Java,API Integrations- REST, SOAP , Powershell",Bhubaneswar,B2,M&FT,(D) Banking Sector,Account
532,October,2,"Java,API Integrations- REST, SOAP , Powershell",Bhubaneswar,B2,Cards,,Account
533,December,2,"Java,API Integrations- REST, SOAP , Powershell",Hartford,C1,ERP,(T) Data Integration,Account
534,August,4,Java,Gurgaon,B1,INS,"(T) Project Tools, Methodologies and Frameworks",Account
535,August,3,Java,Gurgaon,B1,INS,(T) Card packages,Proactive
536,March,2,Java,Pune,A3,TEST,(T) Java Development Technologies,Proactive
537,June,2,Java,Noida,A5,ADM,(T) Card packages,Support
538,June,2,Java,Noida,A5,ADM,(T) Enterprise Content Management (ECM),Proactive
539,May,1,Java,Bangalore,A4,BANK,(T) Data Governance / Master Data Management (MDM),Account
540,December,3,Java,Hartford,C1,ERP,(T) Java Development Technologies,Proactive
541,October,2,Java,Bhubaneswar,B2,M&FT,(T) Guidewire,Proactive
542,March,2,"Java,Cloud,Webservices",Pune,A3,TEST,(T) Reporting/Business Intelligence,Proactive
543,December,3,"Java,J2EE,Cloud",Hartford,C1,ERP,"(T) Workflow,  Business process management and Case management",Proactive
544,June,4,"Java,J2EE,Cloud",Noida,A5,I&D,(T) Web Development Technologies,Proactive
545,October,2,"Java,J2EE,Cloud",Bhubaneswar,B2,Cards,(T) Reporting/Business Intelligence,Proactive
546,August,1,"Java,J2EE,Cloud",Gurgaon,B1,GP,(T) Enterprise Content Management (ECM),Proactive
547,August,2,"Java,J2EE,Cloud",Gurgaon,B1,GP,(T) Java Development Technologies,Proactive
548,August,2,"Java,J2EE,Cloud",Gurgaon,B1,INS,(T) Card packages,Proactive
549,January,2,"Java,J2EE,Cloud",Chennai,A1,DCX,(T) Web Development Technologies,Account
550,March,3,"Java,J2EE,Cloud",Pune,A3,TEST,(T) Enterprise Content Management (ECM),Account
551,February,2,"Java,J2EE,Cloud",Hyderabad,A2,CFS,(D) Financial Services,Account
552,February,1,"Java,J2EE,Cloud",Hyderabad,A2,CFS,(T) Java Development Technologies,Account
553,December,4,"Java,J2EE,Cloud",Hartford,C1,ERP,(T) Mainframe Development Technologies,Account
554,December,2,"Java,J2EE,Cloud",Hartford,C1,ERP,(D) Financial Services,Account
555,June,4,"Java,J2EE,Cloud",Noida,A5,ADM,(T) Mainframe Development Technologies,Account
556,October,3,"Java,J2EE,Cloud",Bhubaneswar,B2,Cards,(T) Mainframe Development Technologies,Proactive
557,October,3,"Java,J2EE,Cloud",Bhubaneswar,B2,Cards,(T) Embedded Realtime Systems,Proactive
558,August,1,.Net (WF),Gurgaon,B1,INS,(T) Microsoft Development Technologies,Proactive
559,August,4,.Net (WF),Gurgaon,B1,INS,(T) Web Development Technologies,Proactive
560,December,2,.Net (WF),Hartford,C1,ERP,"(T) Project Tools, Methodologies and Frameworks",Proactive
561,March,1,.Net (WF),Pune,A3,TEST,(T) Java Development Technologies,Proactive
562,June,1,.Net (WF),Noida,A5,ADM,(D) Cards,Proactive
563,February,4,.Net (WF),Hyderabad,A2,CFS,(T) Reporting/Business Intelligence,Support
564,June,2,"Business Analytics,Cards Issuing",Noida,A5,ADM,(T) Enterprise Content Management (ECM),Proactive
565,August,2,"Business Analytics,Cards Issuing",Gurgaon,B1,INS,(T) Testing Tools / Testing Automation / Performance Testing Tools,Account
566,March,1,"Business Analytics,Cards Issuing",Pune,A3,TEST,(D) Capital Markets Sector,Proactive
567,October,3,"Business Analytics,Cards Issuing",Bhubaneswar,B2,M&FT,(T) Mainframe Development Technologies,Account
568,February,2,"Business Analytics,Cards Issuing",Hyderabad,A2,CFS,(T) Office / Desktop Solutions,Proactive
569,August,1,"Business Analytics,Cards Issuing",Gurgaon,B1,GP,"(T) Project Tools, Methodologies and Frameworks",Proactive
570,March,4,"Business Analytics,Cards Issuing",Pune,A3,TEST,(T) Reporting/Business Intelligence,Support
571,December,1,"Business Analytics,Cards Issuing",Hartford,C1,ERP,(D) Banking Sector,Proactive
572,January,4,"Business Analytics,Cards Issuing",Chennai,A1,DCX,(T) Data Integration,Proactive
573,January,3,"Business Analytics,Cards Issuing",Chennai,A1,DCX,(T) Mainframe Development Technologies,Account
574,December,2,"Business Analytics,Cards Issuing",Hartford,C1,ERP,(T) Mainframe Development Technologies,Proactive
575,August,2,"Business Analytics,Cards Issuing",Gurgaon,B1,INS,(T) Mainframe Development Technologies,Proactive
576,March,3,"Business Analytics,Cards Issuing",Pune,A3,TEST,(T) Mainframe Development Technologies,Proactive
577,August,2,"Business Analytics,Cards Issuing",Gurgaon,B1,INS,(T) Enterprise Content Management (ECM),Account
578,March,4,"Business Analytics,Cards Issuing",Pune,A3,TEST,(T) Java Development Technologies,Account
579,May,4,"Business Analytics,Cards Issuing",Bangalore,A4,BANK,(D) Capital Markets Sector,Account
580,March,4,"Business Analytics,Cards Issuing",Pune,A3,TEST,(T) Mainframe Development Technologies,Account
581,March,1,"Business Analytics,Cards Issuing",Pune,A3,TEST,(T) Operating systems and Virtualization Technologies,Account
582,August,2,"Business Analytics,Cards Issuing",Gurgaon,B1,INS,(F) IT Operations,Account
583,October,1,"Business Analytics,Cards Issuing",Bhubaneswar,B2,Cards,(T) Testing Tools / Testing Automation / Performance Testing Tools,Proactive
584,October,3,"Business Analytics,Cards Issuing",Bhubaneswar,B2,Cards,(T) Reporting/Business Intelligence,Proactive
585,June,2,"Business Analytics,Cards Issuing",Noida,A5,ADM,(T) Office / Desktop Solutions,Proactive
586,December,4,"Business Analytics,Cards Issuing",Hartford,C1,ERP,(T) Microsoft Development Technologies,Proactive
587,June,1,"Business Analytics,Cards Issuing",Noida,A5,I&D,(T) Testing Tools / Testing Automation / Performance Testing Tools,Proactive
588,January,3,"Business Analytics,Cards Issuing",Chennai,A1,DCX,(F) IT Operations,Proactive
589,October,1,"Business Analytics,Cards Issuing",Bhubaneswar,B2,M&FT,(T) Enterprise Content Management (ECM),Account
590,March,1,"Business Analytics,Cards Issuing",Pune,A3,TEST,(T) Reporting/Business Intelligence,Proactive
591,August,3,"Business Analytics,Cards Issuing",Gurgaon,B1,GP,(T) Enterprise Content Management (ECM),Proactive
592,March,4,"Cards Acquiring,Vision Plus,VisionPlus CMS",Pune,A3,TEST,(T) Other Oracle ERP,Account
593,August,4,Agile,Gurgaon,B1,GP,(F) IT Operations,Proactive
594,June,1,Agile,Noida,A5,ADM,(F) IT Operations,Proactive
595,August,2,Agile,Gurgaon,B1,GP,(T) Capital market packages,Proactive
596,February,3,Agile,Hyderabad,A2,CFS,(F) Sales / CRM / Marketing / Offer/ Client Management / Customer Experience,Proactive
597,June,4,Agile,Noida,A5,ADM,(T) Mainframe Development Technologies,Proactive
598,March,1,Agile,Pune,A3,TEST,(D) Banking Sector,Proactive
599,January,2,Agile,Chennai,A1,DCX,(T) Card packages,Support
600,June,1,Agile,Noida,A5,ADM,(D) Technology / High tech / Software Sector,Account
601,August,3,Agile,Gurgaon,B1,GP,(T) Card packages,Proactive
602,March,2,Agile,Pune,A3,TEST,(T) Guidewire,Proactive
603,March,4,Agile,Pune,A3,TEST,(T) Enterprise Content Management (ECM),Proactive
604,October,1,Agile,Bhubaneswar,B2,Cards,(T) Mainframe Development Technologies,Proactive
605,June,2,Agile,Noida,A5,ADM,(T) Enterprise Content Management (ECM),Proactive
606,March,4,Agile,Pune,A3,TEST,(T) Mainframe Development Technologies,Proactive
607,March,4,"Project Management Framework,JDE Project Management Contract and Service Billing",Pune,A3,TEST,(T) Relational Databases,Proactive
608,October,1,"Project Management Framework,JDE Project Management Contract and Service Billing",Bhubaneswar,B2,M&FT,(T) Card packages,Account
609,August,2,"Project Management Framework,JDE Project Management Contract and Service Billing",Gurgaon,B1,GP,(D) Banking Sector,Support
610,October,4,"Project Management Framework,JDE Project Management Contract and Service Billing",Bhubaneswar,B2,M&FT,(D) Banking Sector,Proactive
611,October,4,"Project Management Framework,JDE Project Management Contract and Service Billing",Bhubaneswar,B2,Cards,(T) Enterprise Content Management (ECM),Proactive
612,February,1,"Project Management Framework,JDE Project Management Contract and Service Billing",Hyderabad,A2,CFS,(F) Business Consulting,Account
613,October,4,"Project Management Framework,JDE Project Management Contract and Service Billing",Bhubaneswar,B2,M&FT,(T) Mainframe Development Technologies,Support
614,February,4,"Project Management Framework,JDE Project Management Contract and Service Billing",Hyderabad,A2,CFS,(T) Testing Tools / Testing Automation / Performance Testing Tools,Support
615,January,3,Defect Tracking,Chennai,A1,DCX,(T) Java Development Technologies,Proactive
616,March,2,Defect Tracking,Pune,A3,TEST,"(T) Project Tools, Methodologies and Frameworks",Proactive
617,March,3,Defect Tracking,Pune,A3,TEST,(T) Card packages,Proactive
618,December,3,Defect Tracking,Hartford,C1,ERP,(T) Enterprise Content Management (ECM),Proactive
619,October,3,Defect Tracking,Bhubaneswar,B2,M&FT,"(T) Workflow,  Business process management and Case management",Proactive
620,June,3,Defect Tracking,Noida,A5,ADM,(D) Insurance Sector,Proactive
621,August,2,C#,Gurgaon,B1,GP,(F) IT Operations,Proactive
622,May,1,PMO (Project),Bangalore,A4,BANK,(D) Banking Sector,Proactive
623,June,4,Ab Initio,Noida,A5,I&D,(T) Testing Tools / Testing Automation / Performance Testing Tools,Account
624,June,1,Ab Initio,Noida,A5,ADM,(D) Capital Markets Sector,Account
625,October,4,Ab Initio,Bhubaneswar,B2,Cards,(F) IT Operations,Account
626,February,4,PMO (Project),Hyderabad,A2,CFS,(T) Java Development Technologies,Account
627,August,3,Java,Gurgaon,B1,INS,(T) Monitoring Technologies,Account
628,October,2,Axway Integration Broker,Bhubaneswar,B2,Cards,(T) Java Development Technologies,Account
629,February,2,Axway Integration Broker,Hyderabad,A2,CFS,(T) Card packages,Support
630,March,4,Testing Manual,Pune,A3,TEST,(D) Cards,Proactive
631,May,3,"Spring,Hibernate,Core Java",Bangalore,A4,BANK,(T) Enterprise Content Management (ECM),Proactive
632,December,2,Business Analytics,Hartford,C1,ERP,(F) IT Operations,Support
633,January,1,Business Analytics,Chennai,A1,DCX,(T) Other Financial Solutions,Account
634,October,1,Business Analytics,Bhubaneswar,B2,Cards,(F) Finance / Treasury / Cash / Consolidation,Proactive
635,January,3,"Oracle Identity Management (OAM, OID, Webgate, AccessGate)",Chennai,A1,DCX,(T) Capital market packages,Proactive
636,October,2,"Oracle Identity Management (OAM, OID, Webgate, AccessGate)",Bhubaneswar,B2,M&FT,(D) Cards,Proactive
637,December,1,EXTJS,Hartford,C1,ERP,(F) Risk Management / Audit (Functional),Account
638,June,4,EXTJS,Noida,A5,ADM,(T) Enterprise Content Management (ECM),Proactive
639,October,2,EXTJS,Bhubaneswar,B2,Cards,(T) Mainframe Development Technologies,Proactive
640,June,4,Kafka,Noida,A5,I&D,(T) Java Development Technologies,Proactive
641,December,2,Kafka,Hartford,C1,ERP,(T) Reporting/Business Intelligence,Account
642,December,4,Kafka,Hartford,C1,ERP,(D) Banking Sector,Proactive
643,June,4,Kafka,Noida,A5,ADM,(T) Card packages,Support
644,October,4,Kafka,Bhubaneswar,B2,Cards,(T) Embedded Realtime Systems,Proactive
645,January,3,Kafka,Chennai,A1,DCX,(T) Java Development Technologies,Proactive
646,March,2,Kafka,Pune,A3,TEST,(D) Cards,Proactive
647,May,3,Kafka,Bangalore,A4,BANK,(D) Banking Sector,Proactive
648,January,4,Kafka,Chennai,A1,DCX,(T) Mainframe Development Technologies,Proactive
649,May,3,Kafka,Bangalore,A4,BANK,(F) IT Operations,Proactive
650,March,3,Kafka,Pune,A3,TEST,(T) Java Development Technologies,Proactive
651,June,2,Oracle DB PL/SQL,Noida,A5,I&D,(F) IT Operations,Proactive
652,January,2,Oracle DB PL/SQL,Chennai,A1,DCX,"(T) Project Tools, Methodologies and Frameworks",Proactive
653,August,2,"(Consulting) - Business Analysis, Requirements",Gurgaon,B1,INS,(T) Enterprise Content Management (ECM),Proactive
654,October,3,Java,Bhubaneswar,B2,M&FT,(T) Reporting/Business Intelligence,Proactive
655,October,1,Java,Bhubaneswar,B2,M&FT,(T) Java Development Technologies,Proactive
656,October,3,Java,Bhubaneswar,B2,M&FT,(D) Banking Sector,Proactive
657,June,2,Java,Noida,A5,ADM,(D) Banking Sector,Proactive
658,March,2,Java,Pune,A3,TEST,(T) Enterprise Content Management (ECM),Proactive
659,June,2,Testing Manual,Noida,A5,I&D,,Proactive
660,August,4,"Java (Multi Skilled),Java",Gurgaon,B1,INS,(T) Java Development Technologies,Proactive
661,May,1,"Java (Multi Skilled),Java",Bangalore,A4,BANK,(T) Enterprise Content Management (ECM),Support
662,March,3,"Java (Multi Skilled),Java",Pune,A3,TEST,(F) IT Operations,Proactive
663,October,2,"Java (Multi Skilled),Java",Bhubaneswar,B2,M&FT,(D) Banking Sector,Proactive
664,January,1,"Java,Angular.js,JavaScript,Spring,CSS,HTML,JavaScript UI",Chennai,A1,DCX,(T) Java Development Technologies,Account
665,March,3,Ab Initio,Pune,A3,TEST,(D) Banking Sector,Support
666,October,3,"Banking - Payments,Financial Services",Bhubaneswar,B2,Cards,(T) Data Governance / Master Data Management (MDM),Proactive
667,October,1,Performance Testing,Bhubaneswar,B2,M&FT,(T) Mainframe Development Technologies,Account
668,January,3,"Test Automation,LISA",Chennai,A1,DCX,(T) Mainframe Development Technologies,Proactive
669,June,4,"Test Automation,LISA",Noida,A5,ADM,(T) Operating systems and Virtualization Technologies,Proactive
670,June,2,"Test Environment Management,Hyperion",Noida,A5,I&D,(T) Java Development Technologies,Proactive
671,August,2,"SOA,Webservices,LISA",Gurgaon,B1,INS,(D) Banking Sector,Proactive
672,October,1,"SOA,Webservices,LISA",Bhubaneswar,B2,M&FT,(T) Enterprise Content Management (ECM),Account
673,January,3,"SOA,Webservices,LISA",Chennai,A1,DCX,(T) Configuration Management & Versioning Tools,Support
674,June,2,"SOA,Webservices,LISA",Noida,A5,ADM,(T) Enterprise Content Management (ECM),Proactive
675,January,1,"SOA,Webservices,LISA",Chennai,A1,DCX,(T) BigData,Proactive
676,October,4,"SOA,Webservices,LISA",Bhubaneswar,B2,M&FT,(T) Enterprise Content Management (ECM),Account
677,June,2,"SOA,Webservices,LISA",Noida,A5,I&D,(D) Banking Sector,Account
678,August,3,"SOA,Webservices,LISA",Gurgaon,B1,INS,(D) Cards,Account
679,October,4,"SOA,Webservices,LISA",Bhubaneswar,B2,M&FT,(T) Enterprise Content Management (ECM),Account
680,February,3,"SOA,Webservices,LISA",Hyderabad,A2,CFS,(T) Guidewire,Account
681,August,4,"Test Environment Management,Peoplesoft (ERP)",Gurgaon,B1,INS,(D) Capital Markets Sector,Account
682,December,1,"Selenium,TOSCA",Hartford,C1,ERP,(T) Enterprise Content Management (ECM),Proactive
683,October,4,"Selenium,TOSCA",Bhubaneswar,B2,M&FT,(T) Java Development Technologies,Proactive
684,October,1,"Selenium,TOSCA",Bhubaneswar,B2,M&FT,(D) Banking Sector,Proactive
685,October,2,"Selenium,TOSCA",Bhubaneswar,B2,Cards,(D) Banking Sector,Proactive
686,June,2,"Selenium,TOSCA",Noida,A5,ADM,(T) Relational Databases,Proactive
687,February,3,"Selenium,TOSCA",Hyderabad,A2,CFS,(T) Testing Tools / Testing Automation / Performance Testing Tools,Proactive
688,June,2,TOSCA,Noida,A5,I&D,(T) Mainframe Development Technologies,Proactive
689,October,3,Test Environment Management,Bhubaneswar,B2,Cards,(D) Cards,Proactive
690,March,4,"Test Environment Management,Pega",Pune,A3,TEST,(T) Enterprise Content Management (ECM),Proactive
691,February,2,Selenium,Hyderabad,A2,CFS,(D) Banking Sector,Account
692,August,4,"ETL Server/Warehouse,(T) Data and Semantic Modelling,(T) Relational Databases,Data Warehousing",Gurgaon,B1,GP,(T) Configuration Management & Versioning Tools,Proactive
693,May,2,Testing Manual,Bangalore,A4,BANK,(T) Mainframe Development Technologies,Proactive
694,March,2,Peoplesoft Administration,Pune,A3,TEST,(T) Card packages,Support
695,February,2,PeopleSoft Technical,Hyderabad,A2,CFS,(D) Banking Sector,Support
696,October,4,PeopleSoft Technical,Bhubaneswar,B2,Cards,(D) Banking Sector,Proactive
697,March,2,PeopleSoft Technical,Pune,A3,TEST,(T) Card packages,Proactive
698,March,1,PeopleSoft Technical,Pune,A3,TEST,(T) Mainframe Development Technologies,Proactive
699,January,2,PeopleSoft Technical,Chennai,A1,DCX,(T) Java Development Technologies,Proactive
700,December,1,PeopleSoft Technical,Hartford,C1,ERP,(T) Enterprise Content Management (ECM),Account
701,January,2,PeopleSoft Technical,Chennai,A1,DCX,(T) Mainframe Development Technologies,Proactive
702,June,4,UI,Noida,A5,I&D,(T) Mainframe Development Technologies,Proactive
703,March,1,UI,Pune,A3,TEST,(D) Banking Sector,Proactive
704,October,3,UI,Bhubaneswar,B2,M&FT,(T) Reporting/Business Intelligence,Proactive
705,June,1,UI,Noida,A5,I&D,(T) Testing Tools / Testing Automation / Performance Testing Tools,Support
706,March,1,Business Analytics,Pune,A3,TEST,(D) Capital Markets Sector,Proactive
707,May,4,Web Development,Bangalore,A4,BANK,(T) Web Development Technologies,Proactive
708,March,4,Web Development,Pune,A3,TEST,(T) Data Science and Analytics,Account
709,August,4,Web Development,Gurgaon,B1,GP,(T) Mainframe Development Technologies,Proactive
710,March,1,Web Development,Pune,A3,TEST,(T) Enterprise Content Management (ECM),Proactive
711,October,2,Web Development,Bhubaneswar,B2,M&FT,(T) Java Development Technologies,Proactive
712,March,3,Web Development,Pune,A3,TEST,(T) Reporting/Business Intelligence,Proactive
713,May,1,Test Automation,Bangalore,A4,BANK,(T) Capital market packages,Proactive
714,January,4,Test Automation,Chennai,A1,DCX,(T) Enterprise Content Management (ECM),Proactive
715,March,2,Test Automation,Pune,A3,TEST,(T) Card packages,Proactive
716,January,3,Test Automation,Chennai,A1,DCX,(T) Web Development Technologies,Proactive
717,May,4,Guidewire PolicyCenter,Bangalore,A4,BANK,(D) Banking Sector,Support
718,October,3,Mainframe Development Environment,Bhubaneswar,B2,M&FT,(D) Capital Markets Sector,Account
719,March,2,Mainframe Development Environment,Pune,A3,TEST,(T) Capital market packages,Proactive
720,June,3,Mainframe Development Environment,Noida,A5,ADM,(D) Banking Sector,Proactive
721,December,3,Mainframe Development Environment,Hartford,C1,ERP,(D) Banking Sector,Proactive
722,January,3,Mainframe Development Environment,Chennai,A1,DCX,(T) Operating systems and Virtualization Technologies,Proactive
723,December,2,Guidewire,Hartford,C1,ERP,(D) Cards,Proactive
724,October,1,ETL,Bhubaneswar,B2,M&FT,(T) Enterprise Content Management (ECM),Proactive
725,October,2,ETL,Bhubaneswar,B2,M&FT,(T) Mainframe Development Technologies,Proactive
726,May,1,Guidewire BillingCenter,Bangalore,A4,BANK,(D) Banking Sector,Account
727,December,2,Guidewire PolicyCenter,Hartford,C1,ERP,(D) Capital Markets Sector,Account
728,February,3,Guidewire,Hyderabad,A2,CFS,(T) Microsoft Development Technologies,Account
729,February,3,Guidewire,Hyderabad,A2,CFS,,Account
730,March,3,Guidewire,Pune,A3,TEST,(D) Capital Markets Sector,Account
731,February,1,HP Exstream,Hyderabad,A2,CFS,,Account
732,March,2,Pega,Pune,A3,TEST,(T) Client Server Development Technologies,Support
733,August,3,Pega,Gurgaon,B1,INS,(T) Card packages,Support
734,March,3,Open Span,Pune,A3,TEST,(F) IT Operations,Proactive
735,August,2,SAP TDMS,Gurgaon,B1,INS,(T) Card packages,Proactive
736,June,2,Guidewire PolicyCenter,Noida,A5,I&D,(T) Data Governance / Master Data Management (MDM),Proactive
737,May,1,Guidewire,Bangalore,A4,BANK,(T) Enterprise Content Management (ECM),Proactive
738,May,4,Test Automation,Bangalore,A4,BANK,(D) Capital Markets Sector,Account
739,January,2,Test Automation,Chennai,A1,DCX,(T) Testing Tools / Testing Automation / Performance Testing Tools,Proactive
740,January,4,Test Automation,Chennai,A1,DCX,(D) Banking Sector,Proactive
741,March,1,Java,Pune,A3,TEST,"(T) Project Tools, Methodologies and Frameworks",Support
742,January,3,Java,Chennai,A1,DCX,(T) Java Development Technologies,Proactive
743,March,2,Java,Pune,A3,TEST,(D) Insurance Sector,Proactive
744,December,4,Java,Hartford,C1,ERP,(T) Enterprise Content Management (ECM),Proactive
745,March,1,Microsoft Dynamics CRM,Pune,A3,TEST,(T) Operating systems and Virtualization Technologies,Proactive
746,October,2,SAP ISU CRM,Bhubaneswar,B2,M&FT,(T) Testing Tools / Testing Automation / Performance Testing Tools,Account
747,October,4,Core Banking,Bhubaneswar,B2,Cards,(F) Sales / CRM / Marketing / Offer/ Client Management / Customer Experience,Account
748,October,4,Core Banking,Bhubaneswar,B2,M&FT,(F) IT Operations,Proactive
749,October,1,Core Banking,Bhubaneswar,B2,M&FT,(T) Enterprise Content Management (ECM),Proactive
750,October,4,"Automation - Chef, Puppet",Bhubaneswar,B2,M&FT,(T) Enterprise Content Management (ECM),Proactive
751,October,4,"Automation - Chef, Puppet",Bhubaneswar,B2,Cards,(D) Banking Sector,Proactive
752,March,3,"Automation - Chef, Puppet",Pune,A3,TEST,(T) Configuration Management & Versioning Tools,Proactive
753,January,4,"Amazon Web services - Build , Administration and integration",Chennai,A1,DCX,"(T) Project Tools, Methodologies and Frameworks",Proactive
754,May,2,"Amazon Web services - Build , Administration and integration",Bangalore,A4,BANK,(T) Mainframe Development Technologies,Proactive
755,October,1,"Amazon Web services - Build , Administration and integration",Bhubaneswar,B2,M&FT,(T) Mainframe Development Technologies,Account
756,March,4,"Amazon Web services - Build , Administration and integration",Pune,A3,TEST,(D) Cards,Account
757,October,4,Spring Batch,Bhubaneswar,B2,Cards,(F) Finance / Treasury / Cash / Consolidation,Account
758,January,4,Spring,Chennai,A1,DCX,(F) IT Operations,Account
759,May,1,Spring Batch,Bangalore,A4,BANK,(T) Oracle Technology,Account
760,May,3,Spring,Bangalore,A4,BANK,"(T) Project Tools, Methodologies and Frameworks",Account
761,March,4,"Amazon Web services - Build , Administration and integration",Pune,A3,TEST,(T) Mainframe Development Technologies,Proactive
762,May,3,"Amazon Web services - Build , Administration and integration",Bangalore,A4,BANK,(F) Commercial and Contract Management,Support
763,December,4,"Amazon Web services - Build , Administration and integration",Hartford,C1,ERP,(D) Cards,Proactive
764,October,1,"Amazon Web services - Build , Administration and integration",Bhubaneswar,B2,M&FT,(D) Banking Sector,Proactive
765,March,1,"Amazon Web services - Build , Administration and integration",Pune,A3,TEST,(D) Banking Sector,Proactive
766,March,3,"Amazon Web services - Build , Administration and integration",Pune,A3,TEST,(D) Banking Sector,Support
767,October,2,"Amazon Web services - Build , Administration and integration",Bhubaneswar,B2,M&FT,(T) Testing Tools / Testing Automation / Performance Testing Tools,Account
768,March,2,"Automation - Chef, Puppet",Pune,A3,TEST,(T) Payment solutions,Proactive
769,October,4,"Automation - Chef, Puppet",Bhubaneswar,B2,M&FT,(T) Enterprise Content Management (ECM),Proactive
770,October,2,"iText,Amazon Web services - Build , Administration and integration",Bhubaneswar,B2,M&FT,(T) Java Development Technologies,Support
771,March,4,"iText,Amazon Web services - Build , Administration and integration",Pune,A3,TEST,(T) Java Development Technologies,Account
772,March,1,Test Automation,Pune,A3,TEST,(T) Java Development Technologies,Proactive
773,October,4,Functional Testing,Bhubaneswar,B2,M&FT,(D) Banking Sector,Proactive
774,August,3,(T) Testing Tools / Testing Automation / Performance Testing Tools,Gurgaon,B1,INS,(T) Mainframe Development Technologies,Proactive
775,June,1,"Amazon Web services - Build , Administration and integration",Noida,A5,I&D,(T) Microsoft Development Technologies,Proactive
776,August,2,"Amazon Web services - Build , Administration and integration",Gurgaon,B1,INS,(T) Guidewire,Proactive
777,March,4,"Amazon Web services - Build , Administration and integration",Pune,A3,TEST,(T) Relational Databases,Proactive
778,February,2,"Amazon Web services - Build , Administration and integration",Hyderabad,A2,CFS,(T) Java Development Technologies,Account
779,January,1,Functional Testing,Chennai,A1,DCX,(T) Microsoft Development Technologies,Proactive
780,October,3,Functional Testing,Bhubaneswar,B2,Cards,(F) IT Operations,Proactive
781,October,1,Functional Testing,Bhubaneswar,B2,Cards,(T) Enterprise Content Management (ECM),Proactive
782,December,4,"SQL,ETL",Hartford,C1,ERP,(T) Microsoft Development Technologies,Proactive
783,February,1,Functional Testing,Hyderabad,A2,CFS,(T) Enterprise Content Management (ECM),Proactive
784,March,4,Functional Testing,Pune,A3,TEST,(F) Business Consulting,Proactive
785,June,4,Functional Testing,Noida,A5,I&D,(T) Guidewire,Proactive
786,June,1,Performance Testing,Noida,A5,I&D,(T) Java Development Technologies,Proactive
787,February,4,Performance Testing,Hyderabad,A2,CFS,(T) Mainframe Development Technologies,Proactive
788,August,2,"C#,VB.NET",Gurgaon,B1,INS,(T) Guidewire,Proactive
789,March,2,"JavaScript,Java Server Pages (JSP)",Pune,A3,TEST,(D) Banking Sector,Proactive
790,January,3,"JavaScript,Java Server Pages (JSP)",Chennai,A1,DCX,(D) Banking Sector,Proactive
791,August,1,"JavaScript,Java Server Pages (JSP)",Gurgaon,B1,INS,(D) Banking Sector,Proactive
792,December,1,"JavaScript,Java Server Pages (JSP)",Hartford,C1,ERP,"(T) Project Tools, Methodologies and Frameworks",Account
793,February,4,Salesforce (Technical),Hyderabad,A2,CFS,(T) Mainframe Development Technologies,Support
794,March,1,Salesforce (Technical),Pune,A3,TEST,(T) Mainframe Development Technologies,Support
795,October,4,Angular.js,Bhubaneswar,B2,Cards,(T) Operating systems and Virtualization Technologies,Proactive
796,August,1,Java,Gurgaon,B1,GP,(D) Life Sciences Sector,Proactive
797,August,1,"Angular.js,C# .NET",Gurgaon,B1,INS,(D) Capital Markets Sector,Proactive
798,August,2,J2EE,Gurgaon,B1,GP,(T) Web Development Technologies,Support
799,October,4,J2EE,Bhubaneswar,B2,Cards,(D) Cards,Account
800,March,3,J2EE,Pune,A3,TEST,(T) Mainframe Development Technologies,Account
801,June,4,Java,Noida,A5,ADM,(D) Cards,Account
802,February,2,Mendix,Hyderabad,A2,CFS,(T) Enterprise Content Management (ECM),Account
803,June,1,Mendix,Noida,A5,ADM,(D) Capital Markets Sector,Account
804,August,1,Mendix,Gurgaon,B1,INS,,Account
805,June,1,Mendix,Noida,A5,ADM,(D) Insurance Sector,Account
806,March,1,Mendix,Pune,A3,TEST,(T) Guidewire,Account
807,August,4,PMO (Project),Gurgaon,B1,INS,(T) Enterprise Content Management (ECM),Proactive
808,December,1,IBM Worklight,Hartford,C1,ERP,"(T) Project Tools, Methodologies and Frameworks",Proactive
809,December,3,"VisionPlus CMS,VisionPlus FAS",Hartford,C1,ERP,"(T) Project Tools, Methodologies and Frameworks",Proactive
810,December,4,SAS Enterprise Guide,Hartford,C1,ERP,(T) BigData,Proactive
811,October,4,SAS Enterprise Guide,Bhubaneswar,B2,M&FT,(D) Cards,Proactive
812,January,3,SAS Enterprise Guide,Chennai,A1,DCX,(T) Guidewire,Proactive
813,August,4,SAS Enterprise Guide,Gurgaon,B1,GP,(D) Cards,Proactive
814,May,4,"Vision Plus,Cards Issuing",Bangalore,A4,BANK,(T) Java Development Technologies,Proactive
815,August,1,"Vision Plus,Cards Issuing",Gurgaon,B1,GP,(T) Microsoft Development Technologies,Proactive
816,February,1,"ETL,AWS Redshift,PYTHON",Hyderabad,A2,CFS,(T) Enterprise Content Management (ECM),Proactive
817,August,4,"ETL,AWS Redshift,PYTHON",Gurgaon,B1,INS,(T) Mainframe Development Technologies,Support
818,January,4,"ETL,AWS Redshift,PYTHON",Chennai,A1,DCX,(T) Relational Databases,Proactive
819,March,2,"Agile,ETL,AWS Redshift,PYTHON",Pune,A3,TEST,(T) Java Development Technologies,Account
820,February,4,"Agile,ETL,AWS Redshift,PYTHON",Hyderabad,A2,CFS,(D) Banking Sector,Proactive
821,May,2,"Agile,ETL,AWS Redshift,PYTHON",Bangalore,A4,BANK,(T) Enterprise Content Management (ECM),Proactive
822,May,2,"PYTHON,Mainframe - Storage & Backup,AWS Redshift",Bangalore,A4,BANK,(D) Life Sciences Sector,Proactive
823,December,3,"PYTHON,Mainframe - Storage & Backup,AWS Redshift",Hartford,C1,ERP,(T) Client Server Development Technologies,Proactive
824,August,1,"ETL,AWS Redshift,PYTHON",Gurgaon,B1,INS,(T) Java Development Technologies,Proactive
825,October,3,"ETL,AWS Redshift,PYTHON",Bhubaneswar,B2,M&FT,(T) Web Development Technologies,Proactive
826,August,2,"ETL,AWS Redshift,PYTHON",Gurgaon,B1,GP,(T) Enterprise Content Management (ECM),Proactive
827,June,2,"ETL,AWS Redshift,PYTHON",Noida,A5,ADM,(T) Microsoft Development Technologies,Proactive
828,December,2,"ETL,AWS Redshift,PYTHON",Hartford,C1,ERP,(T) Capital market packages,Proactive
829,October,2,"ETL,AWS Redshift,PYTHON",Bhubaneswar,B2,Cards,(T) Enterprise Content Management (ECM),Proactive
830,October,3,"Agile,ETL,AWS Redshift,PYTHON",Bhubaneswar,B2,M&FT,(F) IT Operations,Support
831,March,2,"Agile,ETL,AWS Redshift,PYTHON",Pune,A3,TEST,(T) Reporting/Business Intelligence,Support
832,December,3,"Agile,ETL,AWS Redshift,PYTHON",Hartford,C1,ERP,(T) Data Integration,Proactive
833,October,4,Test Planning,Bhubaneswar,B2,M&FT,(T) Java Development Technologies,Proactive
834,June,3,Java (Multi Skilled),Noida,A5,ADM,(F) Retirement and Pensions,Proactive
835,October,4,Java (Multi Skilled),Bhubaneswar,B2,M&FT,(T) Testing Tools / Testing Automation / Performance Testing Tools,Proactive
836,December,3,Java (Multi Skilled),Hartford,C1,ERP,(T) Enterprise Content Management (ECM),Account
837,January,3,Java (Multi Skilled),Chennai,A1,DCX,(T) Enterprise Content Management (ECM),Proactive
838,March,3,Java (Multi Skilled),Pune,A3,TEST,(T) Enterprise Content Management (ECM),Proactive
839,May,1,Java (Multi Skilled),Bangalore,A4,BANK,(T) Operating systems and Virtualization Technologies,Proactive
840,October,1,SIT,Bhubaneswar,B2,Cards,(D) Banking Sector,Proactive
841,March,3,Java (Multi Skilled),Pune,A3,TEST,(T) Enterprise Content Management (ECM),Proactive
842,January,2,.Net with MVC,Chennai,A1,DCX,(T) Microsoft Development Technologies,Proactive
843,December,2,.Net with MVC,Hartford,C1,ERP,(T) Enterprise Content Management (ECM),Support
844,June,3,Java (Multi Skilled),Noida,A5,I&D,(T) Client Server Development Technologies,Account
845,August,1,(T) Data and Semantic Modelling,Gurgaon,B1,GP,(D) Cards,Account
846,October,3,(T) Data and Semantic Modelling,Bhubaneswar,B2,M&FT,(T) Reporting/Business Intelligence,Proactive
847,January,1,(T) Data and Semantic Modelling,Chennai,A1,DCX,(D) Banking Sector,Proactive
848,October,3,"ETL Testing,Amazon Web services - Build , Administration and integration,Banking Platform,SAS Programming - Base & Advance",Bhubaneswar,B2,M&FT,(D) Capital Markets Sector,Proactive
849,March,4,Ab Initio,Pune,A3,TEST,(D) Capital Markets Sector,Proactive
850,January,1,Ab Initio,Chennai,A1,DCX,(T) Enterprise Content Management (ECM),Proactive
851,March,1,Ab Initio,Pune,A3,TEST,(F) IT Operations,Support
852,October,1,Ab Initio,Bhubaneswar,B2,M&FT,(T) Enterprise Content Management (ECM),Account
853,August,2,Ab Initio,Gurgaon,B1,GP,(T) Mainframe Development Technologies,Account
854,February,2,Ab Initio,Hyderabad,A2,CFS,(T) Enterprise Content Management (ECM),Account
855,March,4,Ab Initio,Pune,A3,TEST,(T) Reporting/Business Intelligence,Account
856,June,1,Ab Initio,Noida,A5,ADM,(D) Capital Markets Sector,Account
857,February,1,PYTHON,Hyderabad,A2,CFS,(F) Risk Management / Audit (Functional),Account
858,October,2,PYTHON,Bhubaneswar,B2,M&FT,(T) Other CRM  & customer experience Packages,Proactive
859,October,2,Java (Multi Skilled),Bhubaneswar,B2,M&FT,(T) Testing Tools / Testing Automation / Performance Testing Tools,Proactive
860,June,2,Java (Multi Skilled),Noida,A5,ADM,(F) IT Operations,Proactive
861,December,2,Java (Multi Skilled),Hartford,C1,ERP,(T) Mainframe Development Technologies,Proactive
862,February,3,Java (Multi Skilled),Hyderabad,A2,CFS,(D) Banking Sector,Proactive
863,August,2,Java (Multi Skilled),Gurgaon,B1,GP,(F) Finance / Treasury / Cash / Consolidation,Support
864,August,2,Java (Multi Skilled),Gurgaon,B1,INS,(F) Finance / Treasury / Cash / Consolidation,Support
865,February,2,Java (Multi Skilled),Hyderabad,A2,CFS,(D) Banking Sector,Proactive
866,October,4,Java (Multi Skilled),Bhubaneswar,B2,M&FT,(T) Enterprise Content Management (ECM),Proactive
867,August,3,Java (Multi Skilled),Gurgaon,B1,INS,"(T) Workflow,  Business process management and Case management",Proactive
868,March,4,Java (Multi Skilled),Pune,A3,TEST,(T) Enterprise Content Management (ECM),Account
869,January,2,Java (Multi Skilled),Chennai,A1,DCX,(D) Insurance Sector,Account
870,March,4,Java (Multi Skilled),Pune,A3,TEST,"(T) Project Tools, Methodologies and Frameworks",Proactive
871,June,4,Service Now,Noida,A5,I&D,(T) Enterprise Content Management (ECM),Proactive
872,August,1,"ETL Testing,Amazon Web services - Build , Administration and integration,SAS Programming - Base & Advance,Banking Platform",Gurgaon,B1,INS,"(T) Project Tools, Methodologies and Frameworks",Proactive
873,October,2,Business Analytics,Bhubaneswar,B2,Cards,(D) Cards,Proactive
874,June,4,Business Analytics,Noida,A5,ADM,(T) Configuration Management & Versioning Tools,Proactive
875,May,2,"REST API,Java & Thunderhead,Spring Security,J2EE",Bangalore,A4,BANK,(T) Card packages,Proactive
876,June,1,"REST API,Spring Security,Java & Thunderhead,J2EE",Noida,A5,ADM,(D) Banking Sector,Proactive
877,March,1,"REST API,Spring Security,Java & Thunderhead,J2EE",Pune,A3,TEST,(F) Finance / Treasury / Cash / Consolidation,Account
878,October,3,Performance Testing,Bhubaneswar,B2,M&FT,(T) Web Development Technologies,Proactive
879,August,2,"Java (Multi Skilled),Java,Guidewire",Gurgaon,B1,GP,(F) Business Management / Management / Executive Management,Proactive
880,May,1,Guidewire,Bangalore,A4,BANK,(D) Consumer Products Sector,Proactive
881,August,3,Guidewire,Gurgaon,B1,INS,(T) Testing Tools / Testing Automation / Performance Testing Tools,Proactive
882,December,2,Angular.js,Hartford,C1,ERP,(D) Financial Services,Proactive
883,March,2,Java,Pune,A3,TEST,(T) Data Governance / Master Data Management (MDM),Support
884,March,4,Splunk,Pune,A3,TEST,(T) Mainframe Development Technologies,Proactive
885,June,2,"Development Architecture,KONY",Noida,A5,I&D,(T) Testing Tools / Testing Automation / Performance Testing Tools,Proactive
886,February,2,"Java,Spring,Hibernate",Hyderabad,A2,CFS,(D) Banking Sector,Support
887,October,4,"Java,Spring,Hibernate",Bhubaneswar,B2,M&FT,(D) Consumer Products Sector,Proactive
888,December,2,Teradata,Hartford,C1,ERP,(D) Capital Markets Sector,Proactive
889,March,3,Ab Initio,Pune,A3,TEST,(T) Java Development Technologies,Proactive
890,January,1,Ab Initio,Chennai,A1,DCX,(T) Configuration Management & Versioning Tools,Proactive
891,August,2,Ab Initio,Gurgaon,B1,GP,(T) Microsoft Development Technologies,Account
892,February,4,Java,Hyderabad,A2,CFS,(D) Insurance Sector,Support
893,March,2,Informatica BI,Pune,A3,TEST,(D) Banking Sector,Proactive
894,August,3,Java,Gurgaon,B1,GP,(T) Testing Tools / Testing Automation / Performance Testing Tools,Proactive
895,March,1,Filenet,Pune,A3,TEST,(T) Mainframe Development Technologies,Proactive
896,August,2,Temenos,Gurgaon,B1,GP,(T) Enterprise Content Management (ECM),Account
897,June,2,Temenos,Noida,A5,I&D,(T) Mainframe Development Technologies,Account
898,June,1,"(D) Capital Markets Sector,Financial Services",Noida,A5,ADM,(T) Java Development Technologies,Account
899,March,3,"(D) Capital Markets Sector,Financial Services",Pune,A3,TEST,(T) Monitoring Technologies,Account
900,January,2,Temenos,Chennai,A1,DCX,(F) Sales / CRM / Marketing / Offer/ Client Management / Customer Experience,Account
901,October,2,Temenos,Bhubaneswar,B2,M&FT,(D) Cards,Account
902,August,2,Temenos,Gurgaon,B1,INS,(D) Banking Sector,Account
903,January,2,Ab Initio,Chennai,A1,DCX,(D) Capital Markets Sector,Proactive
904,January,2,Ab Initio,Chennai,A1,DCX,(D) Cards,Account
905,May,3,Temenos,Bangalore,A4,BANK,(D) Cards,Proactive
906,May,1,(D) Capital Markets Sector,Bangalore,A4,BANK,(T) Web Development Technologies,Support
907,March,4,"Amazon Web services - Build , Administration and integration",Pune,A3,TEST,(T) Web Development Technologies,Proactive
908,August,2,"Amazon Web services - Build , Administration and integration",Gurgaon,B1,INS,(D) Healthcare Sector,Proactive
909,January,1,"Amazon Web services - Build , Administration and integration",Chennai,A1,DCX,(T) Web Development Technologies,Proactive
910,March,4,"Mulesoft ESB,Spring,Java (Multi Skilled),Java",Pune,A3,TEST,(T) Enterprise Content Management (ECM),Proactive
911,January,1,"Mulesoft ESB,Spring,Java (Multi Skilled),Java",Chennai,A1,DCX,(D) Capital Markets Sector,Proactive
912,January,1,"Pivotal Cloud Foundry - Build and Administration,Amazon Web services - Build , Administration and integration,Hibernate,Spring,Core Java",Chennai,A1,DCX,(T) Enterprise Content Management (ECM),Proactive
913,February,2,"Pivotal Cloud Foundry - Build and Administration,Amazon Web services - Build , Administration and integration,Hibernate,Spring,Core Java",Hyderabad,A2,CFS,(T) Mainframe Development Technologies,Proactive
914,June,4,"Vision Plus,Falcon",Noida,A5,ADM,(D) Healthcare Sector,Account
915,March,2,Adobe,Pune,A3,TEST,(D) Banking Sector,Proactive
916,August,4,Adobe,Gurgaon,B1,INS,(D) Cards,Proactive
917,June,4,Adobe,Noida,A5,ADM,(T) Microsoft Development Technologies,Support
918,June,1,Adobe,Noida,A5,I&D,(T) Microsoft Development Technologies,Proactive
919,February,2,Adobe,Hyderabad,A2,CFS,(D) Banking Sector,Proactive
920,October,2,Adobe,Bhubaneswar,B2,Cards,(T) Enterprise Content Management (ECM),Proactive
921,June,2,Adobe,Noida,A5,ADM,(T) Monitoring Technologies,Proactive
922,March,1,Adobe,Pune,A3,TEST,(T) Monitoring Technologies,Proactive
923,October,3,Adobe,Bhubaneswar,B2,Cards,(T) Enterprise Content Management (ECM),Proactive
924,October,2,Adobe,Bhubaneswar,B2,M&FT,(T) Microsoft Development Technologies,Proactive
925,January,3,Adobe,Chennai,A1,DCX,(F) Business Consulting,Support
926,January,1,Business Consulting,Chennai,A1,DCX,(D) Banking Sector,Account
927,October,1,Business Consulting,Bhubaneswar,B2,Cards,(T) Microsoft Development Technologies,Proactive
928,January,2,Adobe,Chennai,A1,DCX,(T) Enterprise Content Management (ECM),Proactive
929,October,3,Banking,Bhubaneswar,B2,M&FT,(D) Banking Sector,Proactive
930,August,4,"C#,jQuery,C,Angular.js,.Net with MVC",Gurgaon,B1,INS,(T) Enterprise Content Management (ECM),Proactive
931,June,3,"C#,jQuery,C,Angular.js,.Net with MVC",Noida,A5,I&D,(T) Mainframe Development Technologies,Proactive
932,June,2,"C#,jQuery,C,Angular.js,.Net with MVC",Noida,A5,I&D,(T) Reporting/Business Intelligence,Proactive
933,March,1,"C#,jQuery,C,Angular.js,.Net with MVC",Pune,A3,TEST,(F) IT Operations,Proactive
934,August,4,Business Consulting,Gurgaon,B1,GP,(T) Card packages,Account
935,March,4,Portal,Pune,A3,TEST,(D) Cards,Support
936,June,3,"Java (Multi Skilled),Java,Pega",Noida,A5,I&D,(T) Mainframe Development Technologies,Proactive
937,May,1,Fundtech - Global PayPlus (GPP),Bangalore,A4,BANK,(D) Capital Markets Sector,Proactive
938,June,2,Fundtech - Global PayPlus (GPP),Noida,A5,I&D,(T) Card packages,Proactive
939,October,4,"(T) Mobile Development Technologies,BPM",Bhubaneswar,B2,M&FT,(F) IT Operations,Proactive
940,December,3,Mulesoft ESB,Hartford,C1,ERP,(F) IT Operations,Proactive
941,June,4,Mulesoft ESB,Noida,A5,I&D,(T) Reporting/Business Intelligence,Support
942,March,1,Mulesoft ESB,Pune,A3,TEST,(T) Application Server Technologies,Account
943,June,2,Mulesoft ESB,Noida,A5,I&D,(D) Banking Sector,Proactive
944,February,2,Mulesoft ESB,Hyderabad,A2,CFS,(T) Testing Tools / Testing Automation / Performance Testing Tools,Proactive
945,January,4,Mulesoft ESB,Chennai,A1,DCX,(T) Reporting/Business Intelligence,Proactive
946,June,2,Mulesoft ESB,Noida,A5,ADM,(D) Telecom Sector,Proactive
947,March,2,Mulesoft ESB,Pune,A3,TEST,(T) Mainframe Development Technologies,Account
948,February,1,Mulesoft ESB,Hyderabad,A2,CFS,(T) Mainframe Development Technologies,Proactive
949,March,1,Mulesoft ESB,Pune,A3,TEST,(T) Java Development Technologies,Proactive
950,June,2,BPM,Noida,A5,ADM,(D) Banking Sector,Proactive
951,August,4,BPM,Gurgaon,B1,INS,,Proactive
952,December,3,BPM,Hartford,C1,ERP,(F) HRO (HR Operations - Business Services),Account
953,January,2,BPM,Chennai,A1,DCX,(F) IT Operations,Proactive
954,February,4,BPM,Hyderabad,A2,CFS,(T) Java Development Technologies,Proactive
955,August,3,BPM,Gurgaon,B1,INS,(T) Operating systems and Virtualization Technologies,Proactive
956,October,3,BPM,Bhubaneswar,B2,Cards,(D) Capital Markets Sector,Proactive
957,February,4,Pega,Hyderabad,A2,CFS,(T) Enterprise Content Management (ECM),Account
958,March,4,Pega,Pune,A3,TEST,(T) Enterprise Content Management (ECM),Support
959,August,2,Pega,Gurgaon,B1,INS,(D) Cards,Proactive
960,August,2,Pega,Gurgaon,B1,GP,(T) Data Integration,Account
961,March,4,Pega,Pune,A3,TEST,(T) Mainframe Development Technologies,Account
962,August,2,Pega,Gurgaon,B1,INS,(D) Banking Sector,Support
963,December,2,Pega,Hartford,C1,ERP,(T) Guidewire,Proactive
964,March,1,BPM,Pune,A3,TEST,(D) Banking Sector,Proactive
965,October,4,BPM,Bhubaneswar,B2,Cards,(D) Cards,Proactive
966,March,4,BPM,Pune,A3,TEST,(D) Banking Sector,Account
967,June,1,Mulesoft ESB,Noida,A5,ADM,(T) Enterprise Content Management (ECM),Proactive
968,August,1,Mulesoft ESB,Gurgaon,B1,GP,(T) Mainframe Development Technologies,Account
969,February,4,Mulesoft ESB,Hyderabad,A2,CFS,(T) Enterprise Content Management (ECM),Account
970,March,3,Mulesoft ESB,Pune,A3,TEST,(D) Banking Sector,Proactive
971,March,2,Mulesoft ESB,Pune,A3,TEST,(T) Mainframe Development Technologies,Proactive
972,May,3,"XML,Java (Multi Skilled),Java,Thunderhead",Bangalore,A4,BANK,(D) Banking Sector,Proactive
973,June,1,NICE,Noida,A5,I&D,"(T) Project Tools, Methodologies and Frameworks",Account
974,August,2,"Compliance,AML,Regulatory Framework,Risk Management",Gurgaon,B1,INS,(D) Banking Sector,Account
975,March,2,Business Consulting,Pune,A3,TEST,(T) Enterprise Content Management (ECM),Account
976,March,1,"(D) Capital Markets Sector,Financial Services",Pune,A3,TEST,(F) IT Operations,Account
977,December,1,"Financial Services,(D) Capital Markets Sector",Hartford,C1,ERP,"(T) Project Tools, Methodologies and Frameworks",Account
978,January,4,"(D) Capital Markets Sector,Financial Services",Chennai,A1,DCX,(T) Reporting/Business Intelligence,Account
979,June,3,Ab Initio,Noida,A5,ADM,,Proactive
980,February,1,Ab Initio,Hyderabad,A2,CFS,(D) Banking Sector,Proactive
981,October,3,Ab Initio,Bhubaneswar,B2,Cards,(F) Business Management / Management / Executive Management,Account
982,October,4,Temenos,Bhubaneswar,B2,M&FT,(D) Insurance Sector,Proactive
983,March,2,Temenos,Pune,A3,TEST,(T) Enterprise Content Management (ECM),Proactive
984,March,3,Temenos,Pune,A3,TEST,(F) IT Operations,Account
985,June,2,Temenos,Noida,A5,I&D,,Support
986,January,3,Temenos,Chennai,A1,DCX,(T) Java Development Technologies,Proactive
987,October,4,Temenos,Bhubaneswar,B2,Cards,(D) Banking Sector,Account
988,June,2,Temenos,Noida,A5,ADM,(T) Java Development Technologies,Proactive
989,June,3,Angular.js,Noida,A5,ADM,,Support
990,January,1,Angular.js,Chennai,A1,DCX,(D) Banking Sector,Proactive
991,March,3,Angular.js,Pune,A3,TEST,(T) Java Development Technologies,Proactive
992,August,2,Angular.js,Gurgaon,B1,INS,,Proactive
993,June,3,Angular.js,Noida,A5,I&D,,Proactive
994,March,3,Angular.js,Pune,A3,TEST,,Account
995,December,1,Angular.js,Hartford,C1,ERP,(F) IT Operations,Proactive
996,August,1,Angular.js,Gurgaon,B1,INS,(D) Banking Sector,Proactive
997,January,3,Angular.js,Chennai,A1,DCX,(D) Banking Sector,Proactive
998,March,2,Angular.js,Pune,A3,TEST,(D) Insurance Sector,Proactive
999,October,2,Angular.js,Bhubaneswar,B2,Cards,(T) Enterprise Content Management (ECM),Proactive
1000,January,4,"Vision Plus,V+",Chennai,A1,DCX,,Proactive
1001,March,2,"Spring Batch,Hibernate,Spring,Java (Multi Skilled),Java",Pune,A3,TEST,(T) Relational Databases,Proactive
1002,October,3,"Spring Batch,Hibernate,Spring,Java (Multi Skilled),Java",Bhubaneswar,B2,Cards,(D) Insurance Sector,Proactive
1003,June,4,"Spring Batch,Hibernate,Spring,Java (Multi Skilled),Java",Noida,A5,ADM,(F) IT Operations,Proactive
1004,May,1,"Spring Batch,Hibernate,Spring,Java (Multi Skilled),Java",Bangalore,A4,BANK,,Proactive
1005,March,3,"Spring Batch,Hibernate,Spring,Java (Multi Skilled),Java",Pune,A3,TEST,(T) Testing Tools / Testing Automation / Performance Testing Tools,Support
1006,October,1,"Spring Batch,Hibernate,Spring,Java (Multi Skilled),Java",Bhubaneswar,B2,Cards,(D) Cards,Account
1007,August,2,"Spring Batch,Hibernate,Spring,Java (Multi Skilled),Java",Gurgaon,B1,INS,(T) Testing Tools / Testing Automation / Performance Testing Tools,Proactive
1008,August,3,"Spring Batch,Hibernate,Spring,Java (Multi Skilled),Java",Gurgaon,B1,INS,(T) Java Development Technologies,Proactive
1009,February,4,"Spring Batch,Hibernate,Spring,Java (Multi Skilled),Java",Hyderabad,A2,CFS,(D) Banking Sector,Proactive
1010,March,2,"Spring Batch,Hibernate,Spring,Java (Multi Skilled),Java",Pune,A3,TEST,(T) Card packages,Account
1011,August,3,"Spring Batch,Hibernate,Spring,Java (Multi Skilled),Java",Gurgaon,B1,GP,(D) Banking Sector,Proactive
1012,February,4,"Spring Batch,Hibernate,Spring,Java (Multi Skilled),Java",Hyderabad,A2,CFS,"(T) Project Tools, Methodologies and Frameworks",Support
1013,June,3,"Spring Batch,Hibernate,Spring,Java (Multi Skilled),Java",Noida,A5,I&D,(T) Java Development Technologies,Account
1014,February,2,"Spring Batch,Hibernate,Spring,Java (Multi Skilled),Java",Hyderabad,A2,CFS,(D) Banking Sector,Account
1015,February,3,"Spring Batch,Hibernate,Spring,Java (Multi Skilled),Java",Hyderabad,A2,CFS,(T) Testing Tools / Testing Automation / Performance Testing Tools,Proactive
1016,October,2,"Spring Batch,Hibernate,Spring,Java (Multi Skilled),Java",Bhubaneswar,B2,M&FT,(D) Banking Sector,Account
1017,June,2,"Spring Batch,Hibernate,Spring,Java (Multi Skilled),Java",Noida,A5,ADM,(D) Banking Sector,Proactive
1018,June,1,"Spring Batch,Hibernate,Spring,Java (Multi Skilled),Java",Noida,A5,ADM,(T) Java Development Technologies,Support
1019,May,4,"Spring Batch,Hibernate,Spring,Java (Multi Skilled),Java",Bangalore,A4,BANK,(T) Microsoft Development Technologies,Account
1020,August,4,"Spring Batch,Hibernate,Spring,Java (Multi Skilled),Java",Gurgaon,B1,INS,(F) IT Operations,Support
1021,January,4,"Spring Batch,Hibernate,Spring,Java (Multi Skilled),Java",Chennai,A1,DCX,(T) Java Development Technologies,Support
1022,October,1,PL SQL,Bhubaneswar,B2,M&FT,(T) Enterprise Content Management (ECM),Account
